"","Postcode_District","Count_GP_Surgeries","Total_Registered_Patients","Total_Registered_Practitioners","Count"
"1","AL1",3,45138,69,39038
"2","AL10",3,35540,50,38933
"3","AL2",3,26374,37,24211
"4","AL3",3,45192,80,29620
"5","AL5",3,44543,56,31674
"6","AL6",1,15569,27,12336
"7","AL7",3,46443,59,36930
"8","AL8",1,11317,13,13596
"9","AL9",1,17014,20,11706
"10","B1",1,9045,4,10028
"11","B10",7,39966,49,28298
"12","B11",9,51891,52,47947
"13","B12",7,43682,54,21832
"14","B13",4,27681,39,38683
"15","B14",6,44491,64,43289
"16","B15",2,33356,32,20567
"17","B16",4,36413,51,25705
"18","B17",4,54730,79,27112
"19","B18",5,28598,26,17580
"20","B19",5,46682,61,24762
"21","B2",1,11255,12,501
"22","B20",3,34116,51,37142
"23","B21",6,39229,27,30467
"24","B23",5,34750,47,48328
"25","B24",3,76203,114,29757
"26","B25",2,9538,13,18043
"27","B26",8,40810,55,34601
"28","B27",3,15995,24,26620
"29","B28",2,31901,44,32624
"30","B29",7,49833,76,46161
"31","B30",4,20352,20,29603
"32","B31",7,70982,96,58045
"33","B32",4,31546,56,39717
"34","B33",4,28002,27,37615
"35","B34",3,19987,24,20525
"36","B35",2,13920,14,9897
"37","B36",6,36535,52,36884
"38","B37",3,30641,42,37674
"39","B38",4,28932,43,21117
"40","B4",1,981,1,6979
"41","B42",2,23934,28,25081
"42","B43",4,29519,32,30210
"43","B44",7,43335,71,37742
"44","B45",5,29453,50,32452
"45","B46",2,13786,21,12796
"46","B47",2,12138,25,10163
"47","B49",2,12165,19,10286
"48","B5",1,10738,22,13122
"49","B50",1,13318,13,6979
"50","B6",4,34761,59,20823
"51","B60",1,12963,25,27871
"52","B61",4,42504,74,26392
"53","B62",3,22038,31,25549
"54","B63",4,25796,34,37145
"55","B64",3,14752,24,18504
"56","B65",2,49043,64,24867
"57","B66",6,44170,68,26576
"58","B67",3,14848,14,32610
"59","B68",6,34594,39,33642
"60","B69",3,26762,31,31817
"61","B7",3,14965,34,9930
"62","B70",11,59325,93,34058
"63","B71",2,10693,15,33381
"64","B72",2,28215,33,9798
"65","B74",1,3579,5,32473
"66","B75",1,53155,52,27587
"67","B76",1,15346,15,21306
"68","B77",4,23550,26,57209
"69","B78",2,23249,35,24797
"70","B79",6,67275,89,24396
"71","B8",13,84142,65,46609
"72","B80",1,7662,13,7271
"73","B9",4,36854,44,27314
"74","B90",3,55659,109,49616
"75","B91",1,55715,61,33843
"76","B92",4,28794,41,37070
"77","B93",2,16030,25,20066
"78","B94",2,7693,10,7680
"79","B95",1,6628,11,6355
"80","B96",1,4598,7,5290
"81","B97",7,68571,104,35082
"82","B98",1,17739,18,50297
"83","BA1",5,30137,55,42248
"84","BA10",1,5955,11,3674
"85","BA11",2,40337,83,35288
"86","BA12",2,23082,29,29448
"87","BA13",1,23331,25,21944
"88","BA14",2,50329,62,52809
"89","BA15",1,20240,30,14068
"90","BA16",1,13179,20,13966
"91","BA2",9,102056,143,80404
"92","BA20",3,37719,53,11894
"93","BA21",2,16506,23,36198
"94","BA22",2,10449,17,18988
"95","BA3",6,39879,77,37449
"96","BA4",2,17842,26,18468
"97","BA5",2,19496,29,19145
"98","BA6",2,20132,38,13323
"99","BA7",1,6261,12,3919
"100","BA9",1,9017,16,8654
"101","BB1",12,98836,93,70613
"102","BB10",3,23592,17,41309
"103","BB11",5,58720,53,25043
"104","BB12",3,20356,24,36252
"105","BB18",2,26977,31,17251
"106","BB2",8,57008,65,62971
"107","BB3",4,34759,40,34084
"108","BB4",7,51637,56,42344
"109","BB5",10,61188,65,62932
"110","BB6",1,8256,8,14868
"111","BB7",4,41475,64,35630
"112","BB8",2,16746,18,23127
"113","BB9",7,53804,50,49959
"114","BD1",1,5983,25,5960
"115","BD10",3,26854,54,28116
"116","BD11",1,2707,3,11584
"117","BD12",2,25568,35,16899
"118","BD13",2,17646,49,26707
"119","BD14",1,13373,26,9010
"120","BD15",1,10133,19,16973
"121","BD16",3,24649,39,25425
"122","BD17",1,9239,17,18581
"123","BD18",2,44282,95,27792
"124","BD19",3,25235,27,22589
"125","BD2",5,31489,41,31563
"126","BD21",5,106516,151,27003
"127","BD23",1,13354,29,30122
"128","BD24",1,9545,24,5269
"129","BD3",7,41915,49,36000
"130","BD4",3,31207,36,32572
"131","BD5",3,21478,16,32058
"132","BD6",2,20988,26,31088
"133","BD7",6,56425,81,36192
"134","BD8",10,81254,58,34150
"135","BD9",2,22414,37,31539
"136","BH1",2,28015,59,23696
"137","BH10",2,34683,41,20924
"138","BH11",1,9596,18,20871
"139","BH12",2,18108,25,36169
"140","BH14",2,65753,77,25208
"141","BH15",4,49995,76,35656
"142","BH17",2,22025,28,23043
"143","BH18",2,32225,45,11940
"144","BH19",1,10877,23,11168
"145","BH20",5,22982,45,20325
"146","BH21",4,36889,61,42651
"147","BH22",4,30069,43,27642
"148","BH23",6,60331,104,55303
"149","BH24",2,23176,39,24892
"150","BH25",1,33465,50,25637
"151","BH31",1,8175,15,13654
"152","BH4",1,19390,30,9624
"153","BH5",1,25484,26,11263
"154","BH6",3,30983,56,23203
"155","BH7",1,5830,11,11710
"156","BH8",2,17537,34,32124
"157","BH9",4,42701,99,32568
"158","BL0",2,12809,17,17308
"159","BL1",16,101194,141,69352
"160","BL2",5,37791,44,47216
"161","BL3",18,82601,115,71883
"162","BL4",4,35902,59,35440
"163","BL5",2,27443,33,27465
"164","BL6",2,23830,18,31311
"165","BL7",2,10266,17,15174
"166","BL8",3,59766,76,36145
"167","BL9",9,58574,72,52307
"168","BN1",15,151436,187,84834
"169","BN10",1,18996,26,19916
"170","BN11",4,46723,63,34441
"171","BN12",2,19573,27,22675
"172","BN14",3,55725,72,31088
"173","BN15",3,28768,48,28220
"174","BN16",3,37048,47,29858
"175","BN17",2,27050,40,33161
"176","BN18",2,17790,32,14259
"177","BN2",9,59489,97,94305
"178","BN21",4,61692,88,26270
"179","BN22",4,37883,53,33589
"180","BN23",1,7422,6,28609
"181","BN24",1,14199,12,10644
"182","BN25",2,27814,38,23959
"183","BN26",2,17826,29,13160
"184","BN27",4,34213,42,32317
"185","BN3",5,85581,109,80963
"186","BN41",4,32427,68,21373
"187","BN43",1,36432,56,24263
"188","BN44",1,12066,20,10012
"189","BN5",1,10215,20,8038
"190","BN6",1,20562,24,19203
"191","BN7",1,28330,36,20330
"192","BN8",1,9696,8,16084
"193","BN9",2,16438,37,13906
"194","BR1",10,87114,122,60642
"195","BR2",4,36213,48,49627
"196","BR3",7,62345,110,49899
"197","BR4",3,25951,34,19761
"198","BR5",8,47173,71,48738
"199","BR6",7,58435,80,48041
"200","BR7",2,24316,27,18796
"201","BR8",2,24276,33,23730
"202","BS1",1,11473,18,18751
"203","BS10",3,42247,75,30605
"204","BS11",1,11040,23,19089
"205","BS13",4,34707,69,32398
"206","BS14",2,26939,49,30930
"207","BS15",3,46849,107,49775
"208","BS16",6,98745,139,91268
"209","BS2",3,10136,31,19401
"210","BS20",3,35570,69,32907
"211","BS21",1,16147,28,23557
"212","BS22",2,25053,28,38031
"213","BS23",4,48682,86,35965
"214","BS24",1,11366,18,24816
"215","BS25",1,9993,19,6644
"216","BS26",1,8693,15,4941
"217","BS27",1,8064,20,7499
"218","BS3",2,51216,76,41231
"219","BS30",3,28847,51,30085
"220","BS31",3,26639,58,24038
"221","BS32",2,23842,40,24755
"222","BS34",3,44244,66,36399
"223","BS35",4,26947,56,24401
"224","BS36",1,14356,25,16623
"225","BS37",4,44817,81,40910
"226","BS39",1,9069,20,17349
"227","BS4",6,58421,108,51717
"228","BS40",3,62904,94,13753
"229","BS48",1,33101,50,23524
"230","BS5",5,80463,136,57433
"231","BS6",3,58888,92,33985
"232","BS7",3,46338,83,44446
"233","BS8",2,34409,57,27237
"234","BS9",4,34292,64,33370
"235","CA1",5,70838,90,25032
"236","CA10",3,10693,26,14421
"237","CA11",3,25915,46,23408
"238","CA12",1,8425,13,7451
"239","CA13",1,17514,29,15240
"240","CA14",2,38388,34,35870
"241","CA15",1,13849,25,16133
"242","CA16",1,5027,10,6407
"243","CA17",1,6675,20,4926
"244","CA2",1,15849,20,40609
"245","CA20",1,5776,18,3171
"246","CA22",2,29346,33,8710
"247","CA28",3,21475,43,27851
"248","CA4",1,3562,7,9702
"249","CA5",1,5086,11,7230
"250","CA6",1,3552,10,9186
"251","CA7",5,27912,46,22745
"252","CA8",1,16570,27,10099
"253","CA9",1,2246,6,2081
"254","CB1",6,57034,114,53549
"255","CB10",1,10713,15,15142
"256","CB11",2,21982,32,19042
"257","CB2",4,56046,86,29687
"258","CB22",2,52079,78,25778
"259","CB23",5,39015,75,36052
"260","CB24",6,39880,66,36901
"261","CB25",3,20329,44,19054
"262","CB3",2,38257,44,18818
"263","CB4",3,48938,67,44345
"264","CB5",2,8301,25,13530
"265","CB6",4,36443,78,39737
"266","CB7",2,38006,56,28702
"267","CB8",4,38096,68,34600
"268","CB9",2,34797,47,33005
"269","CH1",8,58054,116,32962
"270","CH2",3,30512,38,35674
"271","CH3",2,16212,20,36541
"272","CH4",2,14829,19,34818
"273","CH41",7,53108,86,19607
"274","CH42",3,27194,44,32616
"275","CH43",5,27147,56,37830
"276","CH44",4,28072,42,29347
"277","CH45",5,31329,56,30179
"278","CH46",6,29618,56,25286
"279","CH47",1,7283,10,10819
"280","CH48",1,19430,29,14930
"281","CH49",5,39055,54,29568
"282","CH60",1,16618,25,13052
"283","CH62",4,34885,54,30310
"284","CH63",5,25524,46,29359
"285","CH64",3,21114,26,19185
"286","CH65",4,36780,64,30570
"287","CH66",2,33109,36,35918
"288","CM0",3,20626,27,17900
"289","CM1",5,68413,104,69427
"290","CM11",1,3192,5,19059
"291","CM12",5,38060,42,20661
"292","CM13",1,13060,18,25357
"293","CM14",1,12851,17,21391
"294","CM15",5,46245,51,23950
"295","CM16",2,26586,34,23929
"296","CM17",2,21932,35,25906
"297","CM18",3,41349,55,26013
"298","CM2",5,50769,79,61042
"299","CM20",3,38910,32,25928
"300","CM21",2,12815,22,11388
"301","CM22",2,16656,19,16134
"302","CM23",3,46302,54,43855
"303","CM24",1,11591,20,8715
"304","CM3",7,84393,89,56126
"305","CM4",2,11474,23,10413
"306","CM5",1,12382,20,11784
"307","CM6",3,34263,46,29985
"308","CM7",5,59659,65,50973
"309","CM8",5,35746,32,35665
"310","CM9",3,32624,62,35361
"311","CO1",2,47398,45,18035
"312","CO10",5,54192,65,50311
"313","CO11",2,10558,14,13965
"314","CO12",3,25040,26,23460
"315","CO13",1,7600,14,12827
"316","CO14",1,8341,11,7178
"317","CO15",6,68071,73,45001
"318","CO16",1,8027,6,26562
"319","CO2",2,47424,58,40911
"320","CO3",3,32010,35,32840
"321","CO4",4,36974,58,53273
"322","CO5",4,43303,65,29501
"323","CO6",2,14486,15,28977
"324","CO7",5,47765,72,35021
"325","CO9",2,25294,33,27821
"326","CR0",18,148640,180,170304
"327","CR2",7,59511,110,50362
"328","CR3",2,22639,39,31017
"329","CR4",7,58759,88,64887
"330","CR5",2,20012,18,31963
"331","CR6",2,25614,49,10322
"332","CR7",11,83278,127,46951
"333","CR8",2,40024,49,33370
"334","CT1",3,38214,41,32129
"335","CT10",3,21468,19,25161
"336","CT11",3,38007,56,29972
"337","CT12",3,22182,27,19072
"338","CT13",1,12514,17,8511
"339","CT14",4,35562,59,35532
"340","CT15",1,5204,8,13361
"341","CT16",4,41317,38,21094
"342","CT17",1,9146,8,22278
"343","CT18",2,7269,9,14893
"344","CT19",2,21698,31,28300
"345","CT2",2,31292,34,32331
"346","CT20",4,35201,40,23772
"347","CT21",2,17016,20,17597
"348","CT3",2,12669,19,20655
"349","CT4",3,39425,55,17187
"350","CT5",1,41745,58,33165
"351","CT6",2,41506,50,40490
"352","CT7",1,12899,16,12129
"353","CT8",1,10621,11,7903
"354","CT9",3,47046,60,46355
"355","CV1",10,59663,60,35938
"356","CV10",5,27599,34,56443
"357","CV11",8,62217,82,41423
"358","CV12",5,38679,50,32098
"359","CV2",9,82739,72,68128
"360","CV21",8,92412,116,40175
"361","CV22",1,8114,10,39801
"362","CV23",2,11792,26,27656
"363","CV3",10,81348,93,70203
"364","CV31",4,38912,51,34419
"365","CV32",3,31509,52,32914
"366","CV33",1,5908,10,8379
"367","CV34",4,45860,65,35670
"368","CV35",3,24185,47,26869
"369","CV36",1,11793,19,10446
"370","CV37",4,51326,75,45606
"371","CV4",4,29036,38,37316
"372","CV47",3,21456,40,20172
"373","CV5",4,34791,35,47083
"374","CV6",13,141453,153,94111
"375","CV7",2,22853,40,29308
"376","CV8",3,31294,41,31272
"377","CV9",2,20665,19,22695
"378","CW1",5,77638,79,44804
"379","CW10",2,15899,23,15609
"380","CW11",1,26860,34,27046
"381","CW12",3,34055,40,33378
"382","CW2",1,19175,22,44045
"383","CW3",3,14392,21,9624
"384","CW4",1,12835,18,10867
"385","CW5",4,30124,42,33192
"386","CW6",4,24860,37,13616
"387","CW7",5,36974,52,34565
"388","CW8",3,26410,28,40289
"389","CW9",4,47835,69,35219
"390","DA1",9,88662,99,65369
"391","DA11",4,61367,76,41402
"392","DA12",4,31847,35,49484
"393","DA13",2,26677,21,14332
"394","DA14",2,34539,26,23138
"395","DA15",2,20264,26,29748
"396","DA16",5,50587,52,37486
"397","DA17",1,17561,12,19413
"398","DA2",1,30602,27,24260
"399","DA3",1,15809,27,17119
"400","DA4",2,12485,16,9428
"401","DA5",1,7172,12,21268
"402","DA6",1,14923,23,11057
"403","DA7",4,40417,48,36100
"404","DA8",3,36128,28,38275
"405","DE1",6,66734,90,16419
"406","DE11",5,57351,64,46765
"407","DE12",1,15163,20,22087
"408","DE13",5,42659,62,43275
"409","DE14",5,46042,52,35361
"410","DE15",3,23825,33,25010
"411","DE21",3,53655,67,57647
"412","DE22",3,23686,29,48751
"413","DE23",7,95225,133,66788
"414","DE24",3,28688,39,59999
"415","DE3",2,18297,28,18647
"416","DE4",5,41011,76,34141
"417","DE45",2,13807,26,8047
"418","DE5",2,16168,34,22493
"419","DE55",7,71789,118,54108
"420","DE56",3,36890,50,39397
"421","DE6",4,32075,46,26620
"422","DE65",2,20623,23,24508
"423","DE7",8,60321,104,51203
"424","DE72",1,10990,23,20451
"425","DE73",2,31180,40,20930
"426","DE74",2,18751,27,12927
"427","DE75",3,26082,33,18655
"428","DH1",4,56710,74,52550
"429","DH2",3,26071,51,30462
"430","DH3",4,38424,64,26738
"431","DH4",6,44248,71,35003
"432","DH5",1,11588,22,21235
"433","DH6",5,28521,39,35115
"434","DH7",6,59674,80,42740
"435","DH8",3,38711,56,39859
"436","DH9",4,31641,50,37251
"437","DL1",4,41186,60,47914
"438","DL10",4,21713,41,17998
"439","DL11",2,4858,10,4847
"440","DL12",2,13472,27,12362
"441","DL13",3,12703,26,13578
"442","DL14",4,40249,72,37650
"443","DL15",2,22687,36,23077
"444","DL16",2,23378,26,22357
"445","DL17",2,17740,32,17980
"446","DL2",3,14996,25,18752
"447","DL3",5,58066,93,43258
"448","DL4",1,5586,11,10100
"449","DL5",3,36731,57,29491
"450","DL7",2,30261,49,15669
"451","DL8",3,20010,51,18653
"452","DL9",1,7787,22,14598
"453","DN1",7,83634,102,9720
"454","DN10",2,11280,25,12593
"455","DN11",3,21298,35,29658
"456","DN12",5,27074,33,24468
"457","DN14",4,44811,57,48962
"458","DN15",5,39679,54,37208
"459","DN16",4,55077,62,32771
"460","DN17",2,19383,24,36776
"461","DN18",2,20068,25,12772
"462","DN2",1,10737,6,24668
"463","DN20",3,22813,36,19197
"464","DN21",4,38875,50,39038
"465","DN22",4,47776,56,37404
"466","DN3",2,15885,24,30173
"467","DN31",8,35182,50,9315
"468","DN32",4,7969,29,28067
"469","DN33",1,13361,20,20383
"470","DN34",5,42551,37,19127
"471","DN35",5,37058,37,32616
"472","DN36",1,9379,14,20537
"473","DN38",1,3008,3,2885
"474","DN4",3,29369,48,55574
"475","DN40",2,34453,44,12435
"476","DN41",1,2417,4,6606
"477","DN5",6,41712,53,40265
"478","DN6",3,32831,37,30952
"479","DN7",3,25074,27,24239
"480","DN8",2,19428,17,18395
"481","DN9",1,14904,18,21660
"482","DT1",5,34020,58,21364
"483","DT10",1,26545,36,12047
"484","DT11",2,28215,43,30237
"485","DT2",2,8350,12,25912
"486","DT3",1,3061,23,24759
"487","DT4",5,64303,103,37399
"488","DT5",1,12474,15,13558
"489","DT6",1,24583,22,21781
"490","DT7",1,9072,7,5568
"491","DT8",1,5302,14,6065
"492","DT9",4,30050,46,22329
"493","DY1",8,49333,51,35229
"494","DY10",4,40988,65,37000
"495","DY11",3,31553,36,32221
"496","DY12",1,15579,22,12113
"497","DY13",1,21198,30,22918
"498","DY14",1,7129,8,8662
"499","DY2",5,23332,34,36281
"500","DY3",5,36317,47,34909
"501","DY4",6,54369,69,48224
"502","DY5",6,40592,62,42705
"503","DY6",4,39837,51,28847
"504","DY8",3,50951,69,50930
"505","DY9",6,49073,73,31648
"506","E1",8,106269,130,78961
"507","E10",7,65066,67,47365
"508","E11",11,81573,82,56041
"509","E12",7,55570,61,42759
"510","E13",11,83047,97,51756
"511","E14",9,127091,171,108214
"512","E15",6,69601,78,58450
"513","E16",4,55122,56,61514
"514","E17",15,123628,128,113053
"515","E18",5,31983,41,20625
"516","E1W",2,13924,24,14644
"517","E2",5,62885,75,50134
"518","E20",1,18347,26,9677
"519","E3",8,60631,109,67713
"520","E4",8,70679,89,66495
"521","E5",6,48867,80,49018
"522","E6",7,82428,80,84299
"523","E7",11,81469,101,53871
"524","E8",6,49389,83,42334
"525","E9",8,60071,93,40992
"526","EC1A",1,10328,17,1282
"527","EC1R",2,18837,26,4904
"528","EC1V",1,9132,24,15298
"529","EN1",2,24473,48,47936
"530","EN10",2,23363,31,18059
"531","EN11",3,31379,56,22483
"532","EN2",2,11122,10,31275
"533","EN3",3,32492,39,61338
"534","EN4",3,23581,33,27679
"535","EN5",4,36998,45,39898
"536","EN6",4,43389,76,30308
"537","EN7",2,19371,18,21931
"538","EN8",4,32366,43,39368
"539","EN9",2,22732,13,25310
"540","EX1",8,66094,111,27669
"541","EX10",1,14451,33,17692
"542","EX11",1,16787,26,9577
"543","EX12",2,14454,27,9854
"544","EX13",1,12366,20,13580
"545","EX14",1,17582,29,22222
"546","EX15",3,31340,61,23819
"547","EX16",4,39005,113,33738
"548","EX17",2,22126,43,20542
"549","EX18",1,7158,16,3287
"550","EX2",2,14374,33,44912
"551","EX20",1,14643,31,22305
"552","EX21",1,3065,6,4649
"553","EX22",2,18157,30,11860
"554","EX23",2,16776,41,16658
"555","EX3",1,11306,20,4935
"556","EX31",1,7527,12,28411
"557","EX32",3,44230,81,24250
"558","EX33",1,12691,22,10293
"559","EX34",1,18622,32,16608
"560","EX35",1,2478,6,1632
"561","EX36",1,12318,20,10045
"562","EX38",2,12058,29,8421
"563","EX39",4,40280,72,39461
"564","EX4",5,67391,118,60690
"565","EX5",3,12408,25,26350
"566","EX6",2,14339,24,14975
"567","EX7",1,14699,19,14638
"568","EX8",5,38887,85,38437
"569","EX9",1,8436,15,6970
"570","FY1",7,48503,76,34436
"571","FY2",2,28255,27,24079
"572","FY3",3,28646,25,31870
"573","FY4",5,49637,51,44476
"574","FY5",5,44470,48,44717
"575","FY6",3,28880,28,28814
"576","FY7",3,28611,28,26226
"577","FY8",6,52630,73,45113
"578","GL1",6,65265,108,38885
"579","GL10",3,14154,22,15858
"580","GL11",3,20195,41,19337
"581","GL12",2,21285,42,16184
"582","GL14",3,17678,27,15946
"583","GL15",4,23067,49,22254
"584","GL16",2,13324,23,14198
"585","GL17",2,10830,20,11734
"586","GL18",1,11323,16,8726
"587","GL19",1,6645,11,9685
"588","GL2",5,69462,87,61900
"589","GL20",3,32355,58,29491
"590","GL3",3,33181,65,34869
"591","GL4",1,18791,26,48629
"592","GL5",4,35380,57,31351
"593","GL50",9,93098,165,22178
"594","GL51",1,4604,19,53178
"595","GL52",4,43899,76,49220
"596","GL53",1,13497,19,21142
"597","GL54",3,25101,44,24779
"598","GL55",1,5218,12,5809
"599","GL56",2,10117,14,10048
"600","GL6",4,28617,51,24772
"601","GL7",5,61347,101,45503
"602","GU1",3,31601,53,31811
"603","GU10",4,28647,51,24231
"604","GU11",3,36687,57,27169
"605","GU12",1,10148,19,32491
"606","GU14",6,60482,100,57225
"607","GU15",3,42798,69,36131
"608","GU16",2,35289,63,24136
"609","GU17",1,28858,29,11948
"610","GU18",1,13050,14,6609
"611","GU19",1,6802,14,6122
"612","GU2",2,38026,47,35831
"613","GU21",3,27127,49,50863
"614","GU22",6,63935,87,36599
"615","GU23",1,8145,14,6896
"616","GU24",2,16363,24,20412
"617","GU25",1,5187,5,5839
"618","GU26",1,12044,26,7763
"619","GU27",1,18963,25,18096
"620","GU28",1,6037,11,6894
"621","GU29",1,12921,20,9921
"622","GU3",1,13587,23,11466
"623","GU30",1,11308,8,10555
"624","GU31",1,7610,15,11658
"625","GU32",2,24037,54,12266
"626","GU33",1,4130,9,8412
"627","GU34",4,36523,74,33557
"628","GU35",2,19017,24,24133
"629","GU4",1,12205,17,16121
"630","GU47",1,18962,17,18996
"631","GU5",2,18632,38,10809
"632","GU51",2,28462,49,25130
"633","GU52",1,14614,8,18842
"634","GU6",1,17133,24,15895
"635","GU7",2,27099,43,24585
"636","GU8",4,23323,55,17657
"637","GU9",2,30256,53,31883
"638","HA0",10,77379,64,56754
"639","HA1",8,48714,55,45038
"640","HA2",8,78240,124,60060
"641","HA3",11,82763,91,75783
"642","HA4",10,53859,80,53095
"643","HA5",5,49071,73,47084
"644","HA6",4,32936,42,23468
"645","HA7",2,28679,37,39337
"646","HA8",11,103353,130,71824
"647","HA9",10,97234,69,58681
"648","HD1",13,54815,76,24516
"649","HD2",5,32601,32,30012
"650","HD3",4,27116,39,31884
"651","HD4",2,10080,14,30027
"652","HD5",4,28748,33,30735
"653","HD6",4,29063,34,26539
"654","HD7",3,25338,34,22784
"655","HD8",5,35253,54,33667
"656","HD9",4,39189,63,35884
"657","HG1",5,60986,107,34360
"658","HG2",2,21378,31,32723
"659","HG3",1,10624,24,29388
"660","HG4",4,29646,58,25955
"661","HG5",3,27454,44,18703
"662","HP1",1,17831,30,26280
"663","HP10",2,24873,45,19366
"664","HP11",3,33262,43,17273
"665","HP12",2,20142,32,23283
"666","HP13",4,40118,68,45994
"667","HP14",2,19357,37,18001
"668","HP15",1,6874,11,17305
"669","HP16",2,7325,13,11722
"670","HP17",1,9006,12,10991
"671","HP18",1,5234,12,22535
"672","HP19",3,40937,59,27074
"673","HP2",6,48942,52,42424
"674","HP20",2,27315,41,16167
"675","HP21",1,15235,13,35099
"676","HP22",1,30871,54,30993
"677","HP23",1,40815,46,17994
"678","HP27",2,37123,52,13344
"679","HP3",3,33263,55,34801
"680","HP4",2,14929,15,24811
"681","HP5",3,29330,45,27008
"682","HP6",1,13768,25,15263
"683","HP7",2,15445,23,11067
"684","HP9",2,26206,44,17623
"685","HR1",4,76232,105,33618
"686","HR2",4,24860,51,38964
"687","HR4",1,6487,15,30828
"688","HR5",1,7295,14,4788
"689","HR6",3,27761,48,20962
"690","HR7",1,9556,20,7357
"691","HR8",1,13592,24,14141
"692","HR9",2,20050,34,21473
"693","HU1",1,4513,7,3539
"694","HU10",2,12832,18,19739
"695","HU11",1,3442,2,12157
"696","HU13",3,19177,18,15541
"697","HU14",1,1965,2,8549
"698","HU15",2,34425,61,25133
"699","HU16",1,7345,15,16098
"700","HU17",5,62696,81,43822
"701","HU18",1,12450,14,8975
"702","HU19",1,34906,36,6960
"703","HU3",6,63147,102,31150
"704","HU4",1,7555,10,23997
"705","HU5",6,91040,95,48848
"706","HU6",3,21228,20,36013
"707","HU7",8,52357,103,47875
"708","HU8",1,4841,28,34985
"709","HU9",5,58061,56,41932
"710","HX1",5,62500,61,25820
"711","HX2",3,28809,32,37097
"712","HX3",2,24336,30,45909
"713","HX4",1,11420,16,12028
"714","HX5",1,10604,11,10537
"715","HX6",2,20600,30,19174
"716","HX7",1,18654,21,12885
"717","IG1",9,87412,67,70976
"718","IG10",3,35178,52,33797
"719","IG11",11,78506,62,65311
"720","IG2",7,54840,51,31885
"721","IG3",6,48171,44,40296
"722","IG4",1,3834,4,10573
"723","IG5",2,14123,15,18328
"724","IG6",4,33224,34,32201
"725","IG7",2,19812,26,23633
"726","IG8",2,16867,18,38067
"727","IG9",3,16914,27,13255
"728","IP1",4,79602,82,40663
"729","IP11",3,33585,55,30181
"730","IP12",3,27575,45,25515
"731","IP13",2,19734,26,19626
"732","IP14",4,47090,74,41746
"733","IP16",1,9113,16,6830
"734","IP17",1,9523,15,12373
"735","IP18",1,5359,8,3840
"736","IP19",1,10501,15,10319
"737","IP2",1,9760,18,32670
"738","IP20",1,7949,8,8398
"739","IP21",2,10571,10,11423
"740","IP22",3,24797,37,22921
"741","IP23",1,6170,5,7562
"742","IP24",3,30764,59,28971
"743","IP25",2,18186,33,21474
"744","IP26",1,5334,7,9643
"745","IP27",3,18258,46,20511
"746","IP28",2,22248,35,29813
"747","IP3",3,43992,53,35738
"748","IP30",1,14842,22,14647
"749","IP31",2,14217,21,21303
"750","IP32",1,14538,17,18031
"751","IP33",4,49846,80,23892
"752","IP4",4,48525,59,38346
"753","IP5",2,13217,22,19674
"754","IP6",1,14189,22,17921
"755","IP7",2,22873,34,17026
"756","IP9",1,7993,15,11663
"757","KT1",1,9536,12,23628
"758","KT10",4,30460,56,21682
"759","KT11",1,13663,20,15893
"760","KT12",6,43401,62,39937
"761","KT13",2,25091,33,22788
"762","KT14",3,30340,52,13856
"763","KT15",1,16938,25,30173
"764","KT16",2,26458,40,20259
"765","KT17",4,54580,83,25655
"766","KT18",2,17158,22,17686
"767","KT19",1,14578,15,37848
"768","KT2",5,77316,116,33505
"769","KT20",2,21573,40,21640
"770","KT21",1,6240,14,14016
"771","KT22",3,34392,68,24918
"772","KT23",2,18543,33,11319
"773","KT24",1,10360,14,9132
"774","KT3",5,47849,85,40360
"775","KT4",2,22152,27,29921
"776","KT5",1,5068,9,21087
"777","KT6",6,49182,91,32921
"778","KT7",1,5360,5,10726
"779","KT8",2,27596,48,20964
"780","KT9",3,23507,44,21792
"781","L1",1,6500,8,11570
"782","L11",5,32252,46,29577
"783","L12",3,21436,27,30656
"784","L13",5,31637,67,29865
"785","L14",4,16893,31,27674
"786","L15",4,33242,42,29977
"787","L16",1,3066,4,14672
"788","L17",4,26045,31,22910
"789","L18",4,19388,32,26123
"790","L19",4,27010,58,24634
"791","L20",7,40612,59,34488
"792","L21",6,25792,40,24954
"793","L22",3,21353,27,13755
"794","L23",5,24254,42,30463
"795","L24",4,16922,34,17385
"796","L25",7,45366,77,34045
"797","L26",3,13479,18,15321
"798","L27",1,3710,8,6728
"799","L28",1,8771,14,6669
"800","L3",1,8248,21,20614
"801","L30",2,10273,13,19946
"802","L31",4,28117,38,30752
"803","L32",4,29485,27,21032
"804","L33",2,22902,25,19177
"805","L34",2,14329,19,13814
"806","L35",4,19416,27,30554
"807","L36",11,71258,63,42128
"808","L37",3,25750,38,23345
"809","L38",1,1969,8,2469
"810","L39",4,29082,29,31350
"811","L4",6,21499,28,40653
"812","L40",3,12638,17,19363
"813","L5",4,23997,32,14569
"814","L6",9,51675,71,24757
"815","L69",1,50456,63,NA
"816","L7",7,47629,65,21614
"817","L8",4,26300,60,35300
"818","L9",8,61185,82,31884
"819","LA1",2,81404,96,55994
"820","LA10",1,4496,9,3825
"821","LA11",2,10716,26,9945
"822","LA12",3,18666,27,20203
"823","LA13",2,14037,20,19104
"824","LA14",7,46185,68,36957
"825","LA15",1,8786,16,7655
"826","LA17",1,4755,5,1205
"827","LA18",1,8065,14,8301
"828","LA2",1,7318,12,22618
"829","LA21",1,1027,4,1017
"830","LA22",1,6199,21,4890
"831","LA23",2,11652,26,8307
"832","LA3",1,54096,68,25122
"833","LA5",1,25185,37,16243
"834","LA6",1,6498,15,13193
"835","LA7",1,6161,8,5056
"836","LA9",3,38327,68,31835
"837","LE1",4,7813,27,18755
"838","LE10",5,49719,60,53121
"839","LE11",7,76279,109,65654
"840","LE12",11,87698,109,69394
"841","LE13",1,35893,50,27626
"842","LE14",1,7114,14,18115
"843","LE15",4,41527,77,36049
"844","LE16",1,26782,33,38312
"845","LE17",3,21650,52,23635
"846","LE18",3,31522,55,33755
"847","LE19",3,21556,25,16442
"848","LE2",21,161972,241,123106
"849","LE3",16,121223,164,109981
"850","LE4",13,92200,109,108997
"851","LE5",15,144067,168,99623
"852","LE6",2,7958,17,12048
"853","LE65",1,17541,19,16942
"854","LE67",8,64111,93,64811
"855","LE7",4,39898,55,51247
"856","LE8",4,55492,64,40677
"857","LE9",6,64833,74,59982
"858","LN1",5,31595,41,32318
"859","LN10",2,9931,26,6204
"860","LN11",3,33833,43,29609
"861","LN12",1,14598,11,13394
"862","LN13",1,7524,13,8222
"863","LN2",6,54441,85,42226
"864","LN4",6,37742,47,40575
"865","LN5",4,36303,49,36425
"866","LN6",6,63761,55,64678
"867","LN7",1,5186,6,6429
"868","LN8",3,16655,35,17690
"869","LN9",1,9549,15,10180
"870","LS1",1,14701,27,4476
"871","LS10",5,32721,45,40068
"872","LS11",4,46149,51,39904
"873","LS12",5,49955,74,44185
"874","LS13",3,30671,33,37065
"875","LS14",4,29813,54,39005
"876","LS15",4,29825,40,35941
"877","LS16",2,34537,50,37651
"878","LS17",3,45370,60,44911
"879","LS19",3,30907,55,20394
"880","LS2",1,44802,39,11904
"881","LS20",1,10920,6,13231
"882","LS21",2,24695,37,18548
"883","LS22",3,25777,60,16824
"884","LS23",2,10050,23,9842
"885","LS24",1,9013,13,12392
"886","LS25",6,63032,86,43442
"887","LS26",2,43146,42,31354
"888","LS27",5,43777,57,38284
"889","LS28",6,57019,69,41653
"890","LS29",4,33004,65,32860
"891","LS4",1,12849,21,9401
"892","LS5",2,15186,22,8441
"893","LS6",7,77730,116,49788
"894","LS7",5,37125,61,31823
"895","LS8",7,49153,73,51625
"896","LS9",7,60594,106,43563
"897","LU1",7,99186,96,50512
"898","LU2",4,26886,25,61617
"899","LU3",8,72118,68,65911
"900","LU4",9,67902,77,57733
"901","LU5",4,32589,34,42083
"902","LU6",4,45748,49,34490
"903","LU7",5,74322,94,61416
"904","M1",2,23229,20,11795
"905","M11",7,48888,58,24400
"906","M12",3,19908,28,19434
"907","M13",6,50370,61,24285
"908","M14",8,80804,126,56704
"909","M15",2,33777,42,26213
"910","M16",6,39766,72,37780
"911","M18",2,16978,25,26796
"912","M19",4,30331,46,37405
"913","M20",6,63146,97,49771
"914","M21",3,35800,42,29029
"915","M22",6,50664,89,45590
"916","M23",6,36548,58,32753
"917","M24",9,57274,77,50667
"918","M25",6,40266,45,32876
"919","M26",3,23140,28,37121
"920","M27",4,47122,80,43108
"921","M28",10,63435,117,43560
"922","M29",6,26705,37,24135
"923","M3",1,13913,5,16345
"924","M30",3,35668,38,40464
"925","M31",2,9058,16,8176
"926","M32",3,37151,47,29500
"927","M33",6,64106,102,61924
"928","M34",3,33571,35,47766
"929","M35",3,22998,27,21455
"930","M38",2,6383,11,15089
"931","M4",2,21562,29,17700
"932","M40",7,43157,51,46245
"933","M41",5,44468,59,41725
"934","M43",3,18164,31,23934
"935","M44",3,23025,38,19920
"936","M45",2,13844,15,23294
"937","M46",4,20076,22,23419
"938","M5",2,14005,10,21198
"939","M6",9,65118,108,36225
"940","M7",5,36645,51,36005
"941","M8",6,53277,65,36234
"942","M9",10,53427,80,44328
"943","ME1",5,38970,63,33830
"944","ME10",6,61109,71,52609
"945","ME12",6,47175,43,42961
"946","ME13",2,31961,44,28942
"947","ME14",3,35654,41,34287
"948","ME15",4,49131,53,53310
"949","ME16",3,32788,48,34416
"950","ME17",4,34989,57,26916
"951","ME18",2,15081,27,7110
"952","ME19",1,21260,23,25616
"953","ME2",5,33617,43,42823
"954","ME20",2,21137,43,21776
"955","ME3",3,36897,46,30241
"956","ME4",5,44315,42,33501
"957","ME5",6,68930,72,52166
"958","ME6",1,12077,16,11844
"959","ME7",7,45132,59,53393
"960","ME8",10,46591,53,50824
"961","ME9",2,9684,12,23659
"962","MK10",2,33128,22,24473
"963","MK11",2,18405,40,10384
"964","MK12",1,16062,14,14487
"965","MK13",1,19513,19,19241
"966","MK14",3,22581,37,21324
"967","MK15",1,11411,14,6883
"968","MK16",2,27089,40,19113
"969","MK17",1,12149,12,20356
"970","MK18",1,30518,37,34665
"971","MK2",3,35433,30,17135
"972","MK3",2,32288,41,27840
"973","MK4",1,15170,17,24643
"974","MK40",7,87199,96,39401
"975","MK41",2,24534,39,43720
"976","MK42",4,55098,63,56441
"977","MK43",3,26338,29,42493
"978","MK44",2,11088,18,16537
"979","MK45",5,55440,72,49442
"980","MK46",1,8375,10,9391
"981","MK5",1,12270,7,15845
"982","MK6",3,26603,26,29608
"983","MK7",1,12079,13,14790
"984","MK8",2,21233,28,15255
"985","N1",15,147130,213,93853
"986","N10",3,31127,45,27484
"987","N11",4,44188,59,31397
"988","N12",2,23581,41,30696
"989","N13",3,31608,21,33667
"990","N14",2,17932,28,31422
"991","N15",10,95911,92,48426
"992","N16",13,105424,189,68429
"993","N17",7,55212,72,68813
"994","N18",4,27933,13,34387
"995","N19",6,50488,60,35005
"996","N2",3,21194,28,24617
"997","N20",3,26072,43,20114
"998","N21",3,42321,44,24264
"999","N22",7,51678,53,43559
"1000","N3",8,46425,60,26762
"1001","N4",6,51960,68,53182
"1002","N5",2,19443,19,25724
"1003","N6",1,16743,29,18255
"1004","N7",8,57022,80,50828
"1005","N8",6,54170,64,40057
"1006","N9",10,153252,163,53045
"1007","NE1",2,57764,54,13352
"1008","NE10",4,29606,49,34211
"1009","NE11",1,9161,24,15970
"1010","NE12",4,35804,71,36636
"1011","NE13",2,13344,20,20156
"1012","NE15",3,24017,42,33906
"1013","NE16",3,25203,41,24720
"1014","NE17",2,9964,15,4563
"1015","NE2",2,15686,24,32652
"1016","NE20",2,18590,35,12581
"1017","NE21",4,23820,42,17695
"1018","NE22",2,18402,36,17946
"1019","NE23",4,27683,55,39517
"1020","NE24",2,39366,64,40360
"1021","NE25",3,19728,36,30385
"1022","NE26",4,31263,52,19167
"1023","NE27",2,14105,24,16348
"1024","NE28",4,41074,88,46557
"1025","NE29",5,56595,102,35744
"1026","NE3",7,55687,93,52925
"1027","NE31",3,20645,28,22945
"1028","NE32",4,21124,31,24425
"1029","NE33",7,51081,62,25942
"1030","NE34",4,46045,68,51674
"1031","NE35",2,14498,20,6276
"1032","NE37",3,25198,37,19826
"1033","NE38",4,29557,49,31617
"1034","NE39",1,6009,7,8610
"1035","NE4",7,71906,131,42300
"1036","NE40",2,10919,33,15634
"1037","NE42",3,14962,31,12460
"1038","NE43",1,5400,9,4445
"1039","NE45",1,7007,13,3583
"1040","NE46",3,19603,36,15053
"1041","NE47",1,5409,13,7667
"1042","NE48",1,3417,8,4132
"1043","NE49",1,5589,14,4222
"1044","NE5",4,39263,72,50069
"1045","NE6",6,63827,117,50709
"1046","NE61",5,72788,102,34044
"1047","NE62",1,8051,20,9052
"1048","NE63",1,18925,30,28239
"1049","NE65",3,19677,40,21558
"1050","NE66",1,18873,21,17588
"1051","NE7",2,16032,27,14867
"1052","NE70",1,4477,10,1779
"1053","NE71",2,4663,15,2944
"1054","NE8",9,60629,111,32421
"1055","NE9",4,31688,54,36821
"1056","NG1",2,18024,41,16562
"1057","NG10",6,50619,73,47420
"1058","NG11",5,37659,57,39041
"1059","NG12",1,8191,12,35767
"1060","NG13",3,39902,66,23224
"1061","NG14",2,16801,33,19983
"1062","NG15",4,37658,39,45726
"1063","NG16",6,46353,57,64116
"1064","NG17",11,82076,96,75325
"1065","NG18",7,61369,75,45052
"1066","NG19",4,47988,72,54389
"1067","NG2",8,70600,105,60395
"1068","NG20",3,26686,33,27911
"1069","NG21",4,33228,37,24583
"1070","NG22",3,21824,37,28040
"1071","NG23",3,18272,29,18103
"1072","NG24",4,53467,58,48282
"1073","NG25",1,12451,15,9165
"1074","NG3",7,53452,73,52095
"1075","NG31",5,50522,58,47362
"1076","NG32",2,13317,25,13160
"1077","NG33",3,10886,27,9741
"1078","NG34",4,42906,39,43536
"1079","NG4",4,38709,55,40836
"1080","NG5",12,90898,136,89787
"1081","NG6",6,39915,60,38820
"1082","NG7",11,120876,126,62856
"1083","NG8",10,70415,105,67062
"1084","NG9",8,69929,128,73708
"1085","NN1",6,64374,71,35013
"1086","NN10",4,42526,54,41557
"1087","NN11",3,42319,65,41581
"1088","NN12",2,19006,21,26494
"1089","NN13",2,27462,28,21978
"1090","NN14",4,38478,51,46878
"1091","NN15",3,40371,51,41688
"1092","NN16",3,45376,73,32247
"1093","NN17",3,55870,77,33524
"1094","NN18",2,28012,45,40310
"1095","NN2",6,62427,82,42095
"1096","NN29",2,9408,15,11812
"1097","NN3",8,80976,94,78057
"1098","NN4",3,35610,48,52646
"1099","NN5",1,21839,27,45309
"1100","NN6",4,37737,51,37473
"1101","NN7",4,53056,78,30086
"1102","NN8",4,67595,92,54816
"1103","NN9",4,25608,39,29037
"1104","NR1",3,30953,55,28988
"1105","NR11",4,28739,45,19182
"1106","NR12",3,26297,50,21362
"1107","NR13",3,25276,45,28677
"1108","NR14",3,27500,49,27394
"1109","NR15",1,11223,19,16097
"1110","NR16",1,8667,19,12733
"1111","NR17",1,18689,22,17957
"1112","NR18",2,26312,49,21251
"1113","NR19",3,23628,43,20587
"1114","NR2",4,39001,62,27053
"1115","NR20",2,18474,32,20310
"1116","NR21",1,15509,33,16472
"1117","NR23",1,3245,12,3051
"1118","NR25",1,14186,21,8740
"1119","NR26",1,9576,18,8193
"1120","NR27",1,12376,18,11647
"1121","NR28",2,18448,35,17757
"1122","NR29",3,25484,46,21066
"1123","NR3",6,62071,105,34509
"1124","NR30",2,38780,53,31259
"1125","NR31",3,50927,58,50861
"1126","NR32",3,39776,43,40375
"1127","NR33",5,45933,75,39218
"1128","NR34",1,19662,26,22257
"1129","NR35",1,11379,25,11091
"1130","NR4",2,42200,70,25354
"1131","NR5",3,33582,70,32240
"1132","NR6",2,18177,23,24698
"1133","NR7",2,28737,33,34845
"1134","NR8",2,26496,40,22766
"1135","NR9",1,6820,14,19369
"1136","NW1",9,49556,87,55725
"1137","NW10",11,95361,118,95126
"1138","NW11",6,45214,61,33713
"1139","NW2",12,86228,91,70428
"1140","NW3",6,71628,113,49336
"1141","NW4",4,32687,41,34096
"1142","NW5",5,62349,130,30259
"1143","NW6",7,86467,98,66446
"1144","NW7",3,37507,51,28645
"1145","NW8",4,47087,56,32802
"1146","NW9",10,81093,102,78315
"1147","OL1",10,36329,64,25455
"1148","OL10",5,32893,50,29666
"1149","OL11",8,53445,69,48289
"1150","OL12",5,45984,51,47427
"1151","OL13",1,14760,23,16577
"1152","OL14",2,16238,24,15881
"1153","OL15",4,20535,36,14649
"1154","OL16",6,38830,44,40561
"1155","OL2",4,40533,59,41111
"1156","OL3",1,14022,16,15376
"1157","OL4",8,56222,67,47559
"1158","OL5",3,16533,25,11591
"1159","OL6",5,41473,52,30746
"1160","OL7",3,15590,24,18127
"1161","OL8",6,28022,64,46579
"1162","OL9",7,51639,60,43990
"1163","OX1",5,36896,74,27136
"1164","OX10",3,28475,51,28489
"1165","OX11",3,45912,60,44502
"1166","OX12",2,32191,44,29247
"1167","OX14",5,60656,96,45921
"1168","OX15",3,23538,39,21698
"1169","OX16",4,69048,84,52329
"1170","OX17",1,4478,11,18647
"1171","OX18",3,27409,45,27607
"1172","OX2",5,64300,84,41413
"1173","OX20",1,9282,15,5384
"1174","OX26",3,53237,75,38088
"1175","OX28",3,39064,73,28309
"1176","OX29",1,15168,38,26942
"1177","OX3",2,48094,72,47650
"1178","OX33",1,11153,23,7894
"1179","OX4",8,87411,161,66905
"1180","OX49",1,7136,15,4204
"1181","OX5",3,26685,38,24117
"1182","OX7",3,27412,47,24639
"1183","OX9",1,12869,22,16011
"1184","PE1",4,77742,66,56750
"1185","PE10",2,25470,48,25576
"1186","PE11",4,50694,39,47174
"1187","PE12",4,37136,43,41880
"1188","PE13",4,50558,67,38051
"1189","PE14",2,16924,16,22503
"1190","PE15",4,36477,51,31568
"1191","PE16",1,12179,21,11163
"1192","PE19",5,51056,85,46797
"1193","PE2",3,25337,35,53616
"1194","PE20",3,19902,21,15543
"1195","PE21",4,59267,61,47026
"1196","PE22",2,14248,21,17143
"1197","PE23",1,7464,12,8929
"1198","PE25",2,37776,37,23145
"1199","PE26",1,7055,14,12021
"1200","PE27",3,39842,53,20656
"1201","PE28",4,34384,60,52394
"1202","PE29",3,37802,65,32483
"1203","PE3",3,17259,20,33378
"1204","PE30",4,71846,120,46719
"1205","PE31",2,12011,30,19528
"1206","PE32",3,15261,24,16251
"1207","PE33",2,10008,21,15758
"1208","PE34",1,6795,8,14906
"1209","PE37",3,21011,38,11834
"1210","PE38",3,20941,29,16547
"1211","PE4",1,13809,17,30344
"1212","PE5",1,4247,6,1540
"1213","PE6",3,116589,99,39581
"1214","PE7",3,48351,44,51043
"1215","PE8",2,19698,33,18725
"1216","PE9",1,29599,36,33295
"1217","PL1",4,25759,49,26332
"1218","PL11",1,11848,11,10307
"1219","PL12",3,23766,41,21801
"1220","PL13",1,9830,22,10064
"1221","PL14",2,26222,33,24840
"1222","PL15",1,19041,27,21403
"1223","PL17",1,16727,32,10307
"1224","PL19",2,27781,55,17014
"1225","PL2",3,41948,57,32327
"1226","PL20",1,7594,12,12388
"1227","PL21",1,4813,14,19079
"1228","PL22",1,5100,7,3865
"1229","PL23",1,8119,13,3150
"1230","PL24",1,6582,8,10534
"1231","PL25",1,31835,25,27666
"1232","PL26",3,23806,42,28257
"1233","PL27",1,7828,15,12511
"1234","PL29",1,8848,12,926
"1235","PL3",1,7970,8,31096
"1236","PL31",2,23399,33,16771
"1237","PL32",2,6460,8,4588
"1238","PL35",1,4811,8,985
"1239","PL4",4,45205,96,35312
"1240","PL5",5,84204,107,44006
"1241","PL6",3,26820,38,42828
"1242","PL7",1,42818,52,31340
"1243","PL8",1,6477,12,6130
"1244","PL9",3,25526,44,31091
"1245","PO1",3,40627,51,31461
"1246","PO10",2,24687,42,20280
"1247","PO11",2,18006,29,17390
"1248","PO12",3,54223,54,46366
"1249","PO13",3,29887,30,35702
"1250","PO14",1,12706,24,33652
"1251","PO15",3,47892,59,23064
"1252","PO16",3,35185,58,32537
"1253","PO17",1,13437,19,6965
"1254","PO19",4,48881,74,33528
"1255","PO2",2,73500,77,42522
"1256","PO20",4,41543,54,36182
"1257","PO21",4,44586,59,43414
"1258","PO22",2,27034,41,31977
"1259","PO3",2,22522,32,20604
"1260","PO30",2,33046,29,31257
"1261","PO31",1,15352,18,14852
"1262","PO32",1,8685,18,9147
"1263","PO33",4,35545,56,31045
"1264","PO36",1,27323,30,16584
"1265","PO38",2,14825,19,12332
"1266","PO4",1,13504,13,41272
"1267","PO40",1,11065,18,5706
"1268","PO5",3,51455,63,29391
"1269","PO6",2,28404,35,42520
"1270","PO7",2,37159,49,44179
"1271","PO8",4,34703,50,35752
"1272","PO9",5,54807,84,50906
"1273","PR1",11,111090,97,73467
"1274","PR2",7,66855,79,80048
"1275","PR25",5,37041,47,32716
"1276","PR26",2,14160,11,15650
"1277","PR3",4,47361,55,42034
"1278","PR4",6,45409,58,65417
"1279","PR5",5,38557,45,40633
"1280","PR6",5,37887,43,36207
"1281","PR7",8,67715,83,64116
"1282","PR8",8,57546,71,56153
"1283","PR9",5,43240,63,43925
"1284","RG1",7,55273,64,49233
"1285","RG10",2,20096,39,18786
"1286","RG12",7,79361,115,59266
"1287","RG14",3,49859,65,42335
"1288","RG17",3,23064,40,15472
"1289","RG18",1,18744,20,20020
"1290","RG19",1,10323,17,17328
"1291","RG2",4,68697,80,47277
"1292","RG20",2,29763,45,19902
"1293","RG21",2,47599,49,30628
"1294","RG22",2,50128,62,42414
"1295","RG24",2,29299,22,39326
"1296","RG26",2,27397,49,23400
"1297","RG27",1,18197,29,24225
"1298","RG28",1,9512,15,6418
"1299","RG29",1,12007,18,7064
"1300","RG30",3,56062,73,48859
"1301","RG31",2,20383,24,28736
"1302","RG4",3,42467,64,40917
"1303","RG40",3,45107,63,32242
"1304","RG41",1,14249,15,32107
"1305","RG42",2,21991,21,29381
"1306","RG45",1,8415,6,15419
"1307","RG5",2,27930,38,27826
"1308","RG6",3,46940,84,40124
"1309","RG7",4,45384,53,36324
"1310","RG8",2,22227,33,19354
"1311","RG9",3,24722,46,23698
"1312","RH1",5,56316,88,50436
"1313","RH10",7,111619,130,73959
"1314","RH11",6,59024,82,60281
"1315","RH12",6,74933,100,51991
"1316","RH13",2,14533,26,40063
"1317","RH14",2,20000,33,16936
"1318","RH15",3,29528,52,34156
"1319","RH16",4,44148,78,39232
"1320","RH17",2,20626,35,20486
"1321","RH18",1,9815,14,4476
"1322","RH19",1,15224,20,35193
"1323","RH2",1,21103,34,27631
"1324","RH20",2,26352,36,26481
"1325","RH3",1,12740,24,4228
"1326","RH4",2,23773,44,16427
"1327","RH5",1,7974,12,16249
"1328","RH6",3,31052,74,35061
"1329","RH7",1,10796,15,8866
"1330","RH8",1,16869,27,15852
"1331","RH9",1,6677,15,5649
"1332","RM1",4,51476,58,23049
"1333","RM10",8,48121,47,42394
"1334","RM11",4,19605,19,32650
"1335","RM12",6,49620,48,36032
"1336","RM13",4,18388,20,32562
"1337","RM14",4,27572,30,28044
"1338","RM15",5,33915,37,32232
"1339","RM16",3,32343,37,43963
"1340","RM17",8,48632,60,29933
"1341","RM18",5,37592,40,19772
"1342","RM19",1,6310,5,7356
"1343","RM2",1,9938,4,13842
"1344","RM3",10,60563,64,48053
"1345","RM4",1,4074,8,4568
"1346","RM5",2,20445,22,20835
"1347","RM6",5,35241,26,37986
"1348","RM7",4,18018,19,32686
"1349","RM8",7,71638,66,49883
"1350","RM9",6,34671,33,39849
"1351","S1",1,5148,12,10768
"1352","S10",4,25723,51,45915
"1353","S11",7,65316,89,34918
"1354","S12",5,29179,60,34202
"1355","S13",3,31937,44,31052
"1356","S14",1,8721,17,9724
"1357","S17",1,12578,23,16100
"1358","S18",3,20172,35,24764
"1359","S2",8,56844,110,46993
"1360","S20",4,27860,68,30196
"1361","S21",3,26081,41,20603
"1362","S25",1,20624,25,21337
"1363","S26",2,28034,46,26471
"1364","S3",5,73126,97,18473
"1365","S32",1,3441,13,5620
"1366","S33",1,5783,14,4608
"1367","S35",5,42358,91,40628
"1368","S36",4,36274,71,29000
"1369","S4",2,12851,33,14405
"1370","S40",5,78064,128,34693
"1371","S41",2,19550,32,36906
"1372","S42",3,14763,35,29814
"1373","S43",4,34638,66,41157
"1374","S44",3,18464,36,22409
"1375","S45",3,18364,30,14478
"1376","S5",8,48744,85,63442
"1377","S6",9,72559,134,58122
"1378","S60",4,44223,47,42125
"1379","S61",4,25736,33,34942
"1380","S62",3,18335,27,20085
"1381","S63",5,40359,64,42908
"1382","S64",4,35738,46,31902
"1383","S65",5,50456,65,35178
"1384","S66",7,44255,55,46292
"1385","S7",1,12999,20,17764
"1386","S70",7,64889,90,41437
"1387","S71",6,31996,36,47573
"1388","S72",4,22873,22,25925
"1389","S73",3,32394,39,29250
"1390","S74",2,25357,44,18058
"1391","S75",4,37461,44,44894
"1392","S8",6,53410,98,45951
"1393","S80",4,44487,73,30843
"1394","S81",1,31358,41,38656
"1395","S9",4,26884,62,29041
"1396","SE1",6,129638,149,73174
"1397","SE10",6,62508,79,40654
"1398","SE11",3,40709,106,23014
"1399","SE12",2,12347,22,28560
"1400","SE13",6,59136,107,46362
"1401","SE14",5,48119,68,27535
"1402","SE15",8,65298,118,65578
"1403","SE16",5,47955,79,53700
"1404","SE17",3,29461,50,35753
"1405","SE18",13,112195,124,84970
"1406","SE19",3,38629,58,28914
"1407","SE2",3,28973,30,28381
"1408","SE20",4,22146,23,24812
"1409","SE21",3,25818,44,15210
"1410","SE22",6,51049,88,30429
"1411","SE23",3,37290,77,34644
"1412","SE24",4,40172,80,18479
"1413","SE25",5,38093,45,36596
"1414","SE26",2,28433,46,30589
"1415","SE27",2,15843,23,22158
"1416","SE28",2,27182,28,30524
"1417","SE3",3,31118,51,34929
"1418","SE4",3,33883,21,28964
"1419","SE5",5,34979,52,50452
"1420","SE6",6,63295,64,57210
"1421","SE7",1,11805,16,23024
"1422","SE8",3,30702,46,33260
"1423","SE9",5,65572,66,67210
"1424","SG1",4,75674,95,55697
"1425","SG10",1,6727,5,2200
"1426","SG11",1,9110,23,8795
"1427","SG12",2,34626,44,30608
"1428","SG14",3,32135,36,20697
"1429","SG15",1,4720,5,6026
"1430","SG16",1,6306,9,6871
"1431","SG17",1,18203,24,14767
"1432","SG18",2,34847,41,30745
"1433","SG19",2,21284,29,25741
"1434","SG2",2,23951,27,43222
"1435","SG3",1,13228,19,7208
"1436","SG4",2,16767,26,30135
"1437","SG5",4,45405,73,35628
"1438","SG6",4,36521,54,34331
"1439","SG7",2,20937,31,13840
"1440","SG8",3,26629,34,40328
"1441","SG9",1,10729,11,12524
"1442","SK1",1,3181,2,12676
"1443","SK10",1,33890,39,40873
"1444","SK11",8,66261,116,37542
"1445","SK13",5,33090,48,33338
"1446","SK14",7,58800,71,50287
"1447","SK15",5,30146,43,28591
"1448","SK16",3,17656,29,19746
"1449","SK17",4,28501,46,30717
"1450","SK2",4,29340,46,30245
"1451","SK22",2,14686,23,12074
"1452","SK23",2,17912,24,18395
"1453","SK3",2,21417,32,28977
"1454","SK4",3,61321,91,35490
"1455","SK5",4,33781,56,31543
"1456","SK6",10,59077,108,51451
"1457","SK7",5,47384,80,41784
"1458","SK8",7,64266,107,61839
"1459","SK9",5,45521,69,39941
"1460","SL0",1,9058,14,11701
"1461","SL1",10,110563,121,78212
"1462","SL2",7,62781,104,59956
"1463","SL3",3,40765,44,50523
"1464","SL4",4,47255,69,45354
"1465","SL5",4,32056,64,24782
"1466","SL6",10,83949,123,84273
"1467","SL7",1,27533,51,21318
"1468","SL9",3,31104,55,22245
"1469","SM1",5,53908,71,43871
"1470","SM2",1,8814,11,31280
"1471","SM3",4,45308,62,22446
"1472","SM4",3,19107,32,39690
"1473","SM5",5,42383,44,41752
"1474","SM6",7,56073,76,40363
"1475","SM7",2,18996,29,18509
"1476","SN1",5,52809,66,36319
"1477","SN10",6,34790,73,32675
"1478","SN11",2,28458,35,24803
"1479","SN12",2,27592,51,28538
"1480","SN13",2,19254,46,17773
"1481","SN14",2,20343,45,27752
"1482","SN15",2,25271,39,37597
"1483","SN16",2,19846,30,14761
"1484","SN2",2,25151,29,45229
"1485","SN25",2,34735,51,44355
"1486","SN3",5,49651,97,55199
"1487","SN4",3,32588,50,29504
"1488","SN5",5,47730,69,35631
"1489","SN6",3,40256,59,22816
"1490","SN7",1,16813,28,15283
"1491","SN8",4,34855,53,24926
"1492","SN9",1,8074,8,8283
"1493","SO14",3,33385,64,30998
"1494","SO15",6,49844,90,44101
"1495","SO16",7,80596,142,70040
"1496","SO17",3,33278,41,19835
"1497","SO18",2,21838,20,37464
"1498","SO19",5,87239,130,58497
"1499","SO20",1,9165,16,8065
"1500","SO21",2,16765,30,20875
"1501","SO22",2,45663,59,31653
"1502","SO23",1,17322,31,23309
"1503","SO24",1,9989,24,11451
"1504","SO30",2,25403,29,33539
"1505","SO31",3,43809,65,48662
"1506","SO32",1,13477,15,23672
"1507","SO40",2,37274,56,41106
"1508","SO41",2,22924,38,31951
"1509","SO42",1,7840,17,4864
"1510","SO43",1,5535,12,4379
"1511","SO45",3,42025,60,34373
"1512","SO50",5,53220,85,51843
"1513","SO51",2,33725,45,30022
"1514","SO52",1,9784,20,7205
"1515","SO53",2,31375,45,32089
"1516","SP1",1,23877,38,22723
"1517","SP10",5,63791,105,39796
"1518","SP11",1,15548,19,35724
"1519","SP2",3,48652,93,30982
"1520","SP3",2,6580,12,11435
"1521","SP4",3,27577,55,38742
"1522","SP5",3,18105,32,22434
"1523","SP6",1,12392,27,14172
"1524","SP8",2,15009,24,14386
"1525","SR1",2,11638,18,5092
"1526","SR2",5,36651,53,32068
"1527","SR3",5,33910,65,38022
"1528","SR4",8,53386,89,41644
"1529","SR5",3,22330,35,34188
"1530","SR6",4,27984,37,29104
"1531","SR7",4,31234,58,30414
"1532","SR8",2,23611,36,34667
"1533","SS0",5,41670,59,42536
"1534","SS1",6,44737,47,28231
"1535","SS12",3,38499,49,18782
"1536","SS13",7,41018,41,22667
"1537","SS14",3,13028,20,29043
"1538","SS15",4,35758,44,33878
"1539","SS16",4,36661,30,32182
"1540","SS17",5,25309,40,33928
"1541","SS2",7,24710,47,39129
"1542","SS3",4,29653,23,29197
"1543","SS4",3,30063,27,22004
"1544","SS5",3,26969,32,22280
"1545","SS6",3,28972,34,32425
"1546","SS7",7,47712,63,50541
"1547","SS8",6,41872,35,38327
"1548","SS9",6,60210,82,50726
"1549","ST1",6,61004,76,32502
"1550","ST10",6,29343,50,25156
"1551","ST11",1,4734,8,9801
"1552","ST13",3,29378,42,27818
"1553","ST14",3,22420,27,21723
"1554","ST15",2,24834,34,22922
"1555","ST16",4,41551,48,33574
"1556","ST17",3,39750,49,38529
"1557","ST18",1,8024,8,18144
"1558","ST19",2,20958,34,15508
"1559","ST2",3,17214,22,35460
"1560","ST20",1,8320,9,7034
"1561","ST21",1,8388,10,6502
"1562","ST3",10,72652,96,68507
"1563","ST4",7,48345,73,57886
"1564","ST5",11,86620,123,82287
"1565","ST6",10,87801,112,67283
"1566","ST7",7,52319,74,55169
"1567","ST8",2,20717,33,19964
"1568","ST9",2,13668,18,12021
"1569","SW10",3,32546,41,17025
"1570","SW11",11,100775,193,81336
"1571","SW12",5,37911,49,32166
"1572","SW13",2,22571,31,15777
"1573","SW14",2,29390,44,17471
"1574","SW15",8,81338,128,63972
"1575","SW16",13,108406,168,85971
"1576","SW17",5,80364,130,64524
"1577","SW18",6,72293,112,65843
"1578","SW19",11,107336,143,80552
"1579","SW1P",3,10903,23,13042
"1580","SW1V",2,32407,33,21568
"1581","SW1W",4,22310,22,6889
"1582","SW1X",1,17453,11,4855
"1583","SW2",3,41820,45,55538
"1584","SW20",3,57093,95,30514
"1585","SW3",2,6476,15,19002
"1586","SW4",7,87321,144,41176
"1587","SW5",4,23294,25,13955
"1588","SW6",10,190335,162,65848
"1589","SW7",5,48242,59,15132
"1590","SW8",4,34381,65,38648
"1591","SW9",7,63732,103,48006
"1592","SY1",3,35988,44,28665
"1593","SY10",1,3789,8,15672
"1594","SY11",3,36151,43,27852
"1595","SY12",1,20769,23,8618
"1596","SY14",1,7572,11,7046
"1597","SY2",2,15789,27,18727
"1598","SY3",6,42626,64,34769
"1599","SY4",4,28484,47,26534
"1600","SY5",2,13154,20,22946
"1601","SY6",1,7349,15,6908
"1602","SY7",2,7076,17,10924
"1603","SY8",2,16421,27,18626
"1604","SY9",1,5532,10,2821
"1605","TA1",5,68168,102,42119
"1606","TA10",1,13642,13,10083
"1607","TA11",1,7523,14,10143
"1608","TA12",1,10747,18,6188
"1609","TA14",1,5830,10,3182
"1610","TA18",1,12847,23,10706
"1611","TA19",3,14795,30,12309
"1612","TA2",2,16556,32,31807
"1613","TA20",3,21435,29,21578
"1614","TA21",2,22137,32,21214
"1615","TA22",1,3981,12,2633
"1616","TA24",2,19811,24,18616
"1617","TA3",2,8856,17,15278
"1618","TA4",3,22935,42,19758
"1619","TA5",2,9098,14,12305
"1620","TA6",6,63938,103,52695
"1621","TA7",1,10183,14,15887
"1622","TA8",1,15943,15,16773
"1623","TA9",2,15425,28,13524
"1624","TD15",2,16180,35,16669
"1625","TF1",1,14894,12,42708
"1626","TF10",2,29602,36,20754
"1627","TF11",1,11742,11,12608
"1628","TF12",1,4652,5,5760
"1629","TF13",1,8297,15,3827
"1630","TF2",2,30387,43,40757
"1631","TF3",3,80490,64,26939
"1632","TF4",1,10123,12,23012
"1633","TF5",1,13621,23,5078
"1634","TF7",2,13407,21,19067
"1635","TF8",1,5092,7,3012
"1636","TF9",3,25806,36,26972
"1637","TN1",2,22370,32,11720
"1638","TN11",2,20079,32,14831
"1639","TN12",4,31292,53,31362
"1640","TN13",4,36627,55,25568
"1641","TN14",1,11350,17,16639
"1642","TN15",1,15033,16,25728
"1643","TN16",3,21688,39,19684
"1644","TN17",4,13512,24,14304
"1645","TN18",1,9716,11,6649
"1646","TN19",1,4193,16,5207
"1647","TN2",3,26599,43,29750
"1648","TN20",1,3547,14,3760
"1649","TN21",1,12481,30,16969
"1650","TN22",3,31594,45,27566
"1651","TN23",1,11967,16,45021
"1652","TN24",4,75950,85,34682
"1653","TN25",2,14346,29,19285
"1654","TN26",2,11877,17,12395
"1655","TN27",2,19591,36,14297
"1656","TN28",2,12340,12,8855
"1657","TN29",1,5234,10,13220
"1658","TN3",2,8105,20,11614
"1659","TN30",1,14962,24,9937
"1660","TN31",3,17821,21,14042
"1661","TN32",1,5998,9,5218
"1662","TN33",2,14606,20,12663
"1663","TN34",5,55659,40,30460
"1664","TN35",1,11927,20,17667
"1665","TN37",1,18044,16,20698
"1666","TN38",3,15086,22,28954
"1667","TN39",3,48844,62,26517
"1668","TN4",3,34787,54,31280
"1669","TN5",1,8895,17,8740
"1670","TN6",3,27690,51,25598
"1671","TN8",1,12962,25,14173
"1672","TN9",2,35298,51,19260
"1673","TQ1",3,37934,67,33160
"1674","TQ10",1,5822,9,4058
"1675","TQ11",1,4885,12,4235
"1676","TQ12",6,56619,100,58504
"1677","TQ13",4,27936,57,24396
"1678","TQ14",2,22685,39,19591
"1679","TQ2",2,27549,40,36523
"1680","TQ3",2,31213,48,32632
"1681","TQ4",2,38039,52,20827
"1682","TQ5",1,14041,18,19128
"1683","TQ6",1,7987,15,7837
"1684","TQ7",2,14035,29,17064
"1685","TQ8",1,4964,9,1732
"1686","TQ9",2,19392,25,19785
"1687","TR1",3,37105,66,23406
"1688","TR10",1,20635,26,12626
"1689","TR11",3,27547,48,31698
"1690","TR12",2,11175,22,9400
"1691","TR13",2,20179,52,20685
"1692","TR14",2,16262,35,27820
"1693","TR15",2,47864,69,22025
"1694","TR16",1,5694,12,16405
"1695","TR17",1,7153,16,1633
"1696","TR18",4,35276,61,19522
"1697","TR2",2,13049,27,10506
"1698","TR21",1,2369,25,1592
"1699","TR26",1,12042,25,11001
"1700","TR27",1,11925,17,16257
"1701","TR3",1,6049,14,13000
"1702","TR4",1,6305,9,13009
"1703","TR5",1,8543,16,4261
"1704","TR6",1,7855,18,4035
"1705","TR7",2,32074,57,22163
"1706","TR9",1,17127,31,8646
"1707","TS1",8,66921,99,16694
"1708","TS10",5,37913,47,37888
"1709","TS11",1,7168,12,11134
"1710","TS12",3,26720,24,22690
"1711","TS13",2,9297,16,9957
"1712","TS14",2,19341,29,18648
"1713","TS15",1,15743,19,14130
"1714","TS16",1,11024,14,10802
"1715","TS17",3,47434,61,46714
"1716","TS18",8,73024,100,27524
"1717","TS20",1,17397,25,20519
"1718","TS21",2,20815,34,13213
"1719","TS23",6,34381,44,28426
"1720","TS24",6,56486,76,22143
"1721","TS25",3,29123,40,38233
"1722","TS26",2,11589,20,25627
"1723","TS27",1,9980,16,11825
"1724","TS28",2,21359,29,5378
"1725","TS3",5,27243,54,29745
"1726","TS4",2,8109,23,19156
"1727","TS5",5,46599,69,41322
"1728","TS6",4,40410,57,30343
"1729","TS8",2,17061,32,22441
"1730","TS9",2,14768,20,12771
"1731","TW1",6,61451,88,27656
"1732","TW10",1,6657,23,20179
"1733","TW11",2,17486,27,24417
"1734","TW12",3,26183,47,24040
"1735","TW13",7,42073,24,39916
"1736","TW14",6,32771,26,31787
"1737","TW15",4,34646,60,29530
"1738","TW16",1,19210,18,22399
"1739","TW17",2,16734,20,14548
"1740","TW18",3,29340,27,26697
"1741","TW19",1,14522,16,18828
"1742","TW2",5,26658,36,31666
"1743","TW20",2,27260,40,27424
"1744","TW3",11,104477,75,47894
"1745","TW4",1,9467,3,32239
"1746","TW5",5,31939,24,33426
"1747","TW7",3,27155,43,42027
"1748","TW8",3,20675,26,24892
"1749","TW9",4,36742,54,22987
"1750","UB1",15,93746,57,43924
"1751","UB10",4,24142,32,39184
"1752","UB2",6,38870,34,38025
"1753","UB3",9,71331,68,56889
"1754","UB4",5,32209,33,42608
"1755","UB5",11,67836,71,50298
"1756","UB6",8,50979,58,54019
"1757","UB7",4,39231,31,36952
"1758","UB8",6,50670,43,38798
"1759","UB9",2,19708,24,15734
"1760","W10",11,51864,59,35161
"1761","W11",7,51021,48,29188
"1762","W12",11,72046,73,49505
"1763","W13",7,46819,65,33145
"1764","W14",3,33509,59,35417
"1765","W1D",2,8794,15,933
"1766","W1F",1,331,5,1704
"1767","W1G",1,9460,12,2238
"1768","W1H",1,7512,9,5933
"1769","W1K",1,3376,3,2110
"1770","W1T",1,7631,17,3292
"1771","W2",9,77567,99,44650
"1772","W3",10,61851,69,58961
"1773","W4",12,65259,81,45823
"1774","W5",8,54944,74,51938
"1775","W6",5,54559,88,36342
"1776","W7",6,36854,29,30969
"1777","W8",3,28892,56,17926
"1778","W9",6,33162,41,36488
"1779","WA1",7,44432,62,23334
"1780","WA10",11,58118,72,40272
"1781","WA11",5,30009,37,39986
"1782","WA12",4,29651,33,25537
"1783","WA13",2,19755,20,13251
"1784","WA14",5,44341,66,30963
"1785","WA15",7,36690,59,43533
"1786","WA16",1,23008,28,24387
"1787","WA2",6,42393,52,41009
"1788","WA3",8,47821,69,49134
"1789","WA4",4,40909,47,49397
"1790","WA5",5,51844,83,62678
"1791","WA6",2,27300,32,19523
"1792","WA7",6,67049,98,63180
"1793","WA8",8,68114,68,64055
"1794","WA9",8,53217,76,52743
"1795","WC1B",1,5262,8,1289
"1796","WC1E",2,29299,24,1721
"1797","WC1N",3,25434,64,5844
"1798","WC1X",2,17920,38,7255
"1799","WC2A",1,13964,19,300
"1800","WC2B",1,21173,14,1505
"1801","WC2H",1,4710,10,2377
"1802","WD17",2,17079,26,19882
"1803","WD18",2,50347,58,28248
"1804","WD19",3,14718,19,29504
"1805","WD23",3,66514,111,28279
"1806","WD25",2,22494,22,30806
"1807","WD3",5,43594,63,43006
"1808","WD4",2,18296,26,11679
"1809","WD5",2,16545,16,11694
"1810","WD6",4,51348,69,41873
"1811","WD7",1,19464,22,12788
"1812","WF1",6,75189,96,39981
"1813","WF10",5,40964,61,51742
"1814","WF11",1,12119,14,17666
"1815","WF12",5,23118,22,36018
"1816","WF13",6,43031,52,29441
"1817","WF14",1,17566,13,20239
"1818","WF15",1,3746,12,17685
"1819","WF16",3,23259,28,12851
"1820","WF17",8,60252,68,44492
"1821","WF2",4,38672,54,54494
"1822","WF3",3,34609,45,34085
"1823","WF4",3,31008,45,44564
"1824","WF5",1,21418,25,21895
"1825","WF6",5,26903,56,22419
"1826","WF7",3,24397,47,22659
"1827","WF8",3,35010,54,36084
"1828","WF9",4,53152,63,41469
"1829","WN1",4,24356,33,20041
"1830","WN2",6,44655,58,53812
"1831","WN3",8,31540,53,30820
"1832","WN4",5,30701,41,27852
"1833","WN5",5,37130,49,44740
"1834","WN6",4,47632,62,41812
"1835","WN7",10,57805,74,50423
"1836","WN8",7,63496,57,47399
"1837","WR1",4,41229,49,10401
"1838","WR10",2,22108,42,19798
"1839","WR11",4,43118,61,48017
"1840","WR12",1,7961,13,6155
"1841","WR13",2,6721,11,8854
"1842","WR14",4,39361,54,34971
"1843","WR15",1,9403,12,7335
"1844","WR2",2,32379,49,32192
"1845","WR3",1,11326,19,21758
"1846","WR4",1,11803,17,26506
"1847","WR5",2,29818,37,35070
"1848","WR6",2,12196,22,13106
"1849","WR7",1,5538,14,5737
"1850","WR8",1,11710,13,8344
"1851","WR9",4,38284,70,34418
"1852","WS1",11,54761,84,28438
"1853","WS10",12,56965,56,51111
"1854","WS11",9,49562,62,44381
"1855","WS12",4,24851,27,36737
"1856","WS13",2,43568,61,29131
"1857","WS15",5,37093,46,38685
"1858","WS2",7,51745,66,42175
"1859","WS3",11,51873,67,53257
"1860","WS4",1,15153,19,17871
"1861","WS6",4,25626,22,17450
"1862","WS7",3,34711,43,30204
"1863","WS8",3,10573,23,16452
"1864","WS9",5,36245,43,26473
"1865","WV1",4,29371,29,16454
"1866","WV10",12,61105,96,62831
"1867","WV11",5,32878,48,35670
"1868","WV12",2,13798,20,25589
"1869","WV13",4,28317,34,22329
"1870","WV14",5,30652,41,51619
"1871","WV15",1,2355,4,8584
"1872","WV16",3,23282,33,18142
"1873","WV2",2,48792,36,19222
"1874","WV3",5,35633,51,30487
"1875","WV4",2,15119,38,34836
"1876","WV5",3,18268,27,15388
"1877","WV6",7,65732,54,45352
"1878","WV7",1,8159,16,7669
"1879","WV8",2,14903,21,16091
"1880","YO1",1,24544,28,6027
"1881","YO10",1,22228,19,32478
"1882","YO11",3,40250,60,23897
"1883","YO12",3,29263,47,39890
"1884","YO13",1,9082,17,10553
"1885","YO14",2,12986,22,11472
"1886","YO15",2,14602,26,13281
"1887","YO16",4,26975,29,25464
"1888","YO17",2,26475,41,23525
"1889","YO18",1,10773,19,11364
"1890","YO19",1,6209,10,13180
"1891","YO21",3,18767,45,13764
"1892","YO22",1,5214,16,8659
"1893","YO23",1,7505,13,19932
"1894","YO24",4,119141,169,29750
"1895","YO25",2,26090,38,34105
"1896","YO26",1,6733,14,31592
"1897","YO32",2,52560,89,28569
"1898","YO41",1,7243,16,12022
"1899","YO42",1,17979,26,16271
"1900","YO43",1,9334,22,13263
"1901","YO51",1,11163,23,6475
"1902","YO60",1,1474,6,4578
"1903","YO61",3,14340,28,14626
"1904","YO62",3,13484,30,12068
"1905","YO7",3,19557,37,21311
"1906","YO8",3,45297,59,48303
