"Postcode_District","Count.x","Count.y"
"AL1",3,39038
"AL10",3,38933
"AL2",3,24211
"AL3",3,29620
"AL5",3,31674
"AL6",1,12336
"AL7",3,36930
"AL8",1,13596
"AL9",1,11706
"B1",1,10028
"B10",7,28298
"B11",9,47947
"B12",7,21832
"B13",4,38683
"B14",6,43289
"B15",2,20567
"B16",4,25705
"B17",4,27112
"B18",5,17580
"B19",5,24762
"B2",1,501
"B20",3,37142
"B21",6,30467
"B23",5,48328
"B24",3,29757
"B25",2,18043
"B26",8,34601
"B27",3,26620
"B28",2,32624
"B29",7,46161
"B30",4,29603
"B31",7,58045
"B32",4,39717
"B33",4,37615
"B34",3,20525
"B35",2,9897
"B36",6,36884
"B37",3,37674
"B38",4,21117
"B4",1,6979
"B42",2,25081
"B43",4,30210
"B44",7,37742
"B45",5,32452
"B46",2,12796
"B47",2,10163
"B49",2,10286
"B5",1,13122
"B50",1,6979
"B6",4,20823
"B60",1,27871
"B61",4,26392
"B62",3,25549
"B63",4,37145
"B64",3,18504
"B65",2,24867
"B66",6,26576
"B67",3,32610
"B68",6,33642
"B69",3,31817
"B7",3,9930
"B70",11,34058
"B71",2,33381
"B72",2,9798
"B74",1,32473
"B75",1,27587
"B76",1,21306
"B77",4,57209
"B78",2,24797
"B79",6,24396
"B8",13,46609
"B80",1,7271
"B9",4,27314
"B90",3,49616
"B91",1,33843
"B92",4,37070
"B93",2,20066
"B94",2,7680
"B95",1,6355
"B96",1,5290
"B97",7,35082
"B98",1,50297
"BA1",5,42248
"BA10",1,3674
"BA11",2,35288
"BA12",2,29448
"BA13",1,21944
"BA14",2,52809
"BA15",1,14068
"BA16",1,13966
"BA2",9,80404
"BA20",3,11894
"BA21",2,36198
"BA22",2,18988
"BA3",6,37449
"BA4",2,18468
"BA5",2,19145
"BA6",2,13323
"BA7",1,3919
"BA9",1,8654
"BB1",12,70613
"BB10",3,41309
"BB11",5,25043
"BB12",3,36252
"BB18",2,17251
"BB2",8,62971
"BB3",4,34084
"BB4",7,42344
"BB5",10,62932
"BB6",1,14868
"BB7",4,35630
"BB8",2,23127
"BB9",7,49959
"BD1",1,5960
"BD10",3,28116
"BD11",1,11584
"BD12",2,16899
"BD13",2,26707
"BD14",1,9010
"BD15",1,16973
"BD16",3,25425
"BD17",1,18581
"BD18",2,27792
"BD19",3,22589
"BD2",5,31563
"BD21",5,27003
"BD23",1,30122
"BD24",1,5269
"BD3",7,36000
"BD4",3,32572
"BD5",3,32058
"BD6",2,31088
"BD7",6,36192
"BD8",10,34150
"BD9",2,31539
"BH1",2,23696
"BH10",2,20924
"BH11",1,20871
"BH12",2,36169
"BH14",2,25208
"BH15",4,35656
"BH17",2,23043
"BH18",2,11940
"BH19",1,11168
"BH20",5,20325
"BH21",4,42651
"BH22",4,27642
"BH23",6,55303
"BH24",2,24892
"BH25",1,25637
"BH31",1,13654
"BH4",1,9624
"BH5",1,11263
"BH6",3,23203
"BH7",1,11710
"BH8",2,32124
"BH9",4,32568
"BL0",2,17308
"BL1",16,69352
"BL2",5,47216
"BL3",18,71883
"BL4",4,35440
"BL5",2,27465
"BL6",2,31311
"BL7",2,15174
"BL8",3,36145
"BL9",9,52307
"BN1",15,84834
"BN10",1,19916
"BN11",4,34441
"BN12",2,22675
"BN14",3,31088
"BN15",3,28220
"BN16",3,29858
"BN17",2,33161
"BN18",2,14259
"BN2",9,94305
"BN21",4,26270
"BN22",4,33589
"BN23",1,28609
"BN24",1,10644
"BN25",2,23959
"BN26",2,13160
"BN27",4,32317
"BN3",5,80963
"BN41",4,21373
"BN43",1,24263
"BN44",1,10012
"BN5",1,8038
"BN6",1,19203
"BN7",1,20330
"BN8",1,16084
"BN9",2,13906
"BR1",10,60642
"BR2",4,49627
"BR3",7,49899
"BR4",3,19761
"BR5",8,48738
"BR6",7,48041
"BR7",2,18796
"BR8",2,23730
"BS1",1,18751
"BS10",3,30605
"BS11",1,19089
"BS13",4,32398
"BS14",2,30930
"BS15",3,49775
"BS16",6,91268
"BS2",3,19401
"BS20",3,32907
"BS21",1,23557
"BS22",2,38031
"BS23",4,35965
"BS24",1,24816
"BS25",1,6644
"BS26",1,4941
"BS27",1,7499
"BS3",2,41231
"BS30",3,30085
"BS31",3,24038
"BS32",2,24755
"BS34",3,36399
"BS35",4,24401
"BS36",1,16623
"BS37",4,40910
"BS39",1,17349
"BS4",6,51717
"BS40",3,13753
"BS48",1,23524
"BS5",5,57433
"BS6",3,33985
"BS7",3,44446
"BS8",2,27237
"BS9",4,33370
"CA1",5,25032
"CA10",3,14421
"CA11",3,23408
"CA12",1,7451
"CA13",1,15240
"CA14",2,35870
"CA15",1,16133
"CA16",1,6407
"CA17",1,4926
"CA2",1,40609
"CA20",1,3171
"CA22",2,8710
"CA28",3,27851
"CA4",1,9702
"CA5",1,7230
"CA6",1,9186
"CA7",5,22745
"CA8",1,10099
"CA9",1,2081
"CB1",6,53549
"CB10",1,15142
"CB11",2,19042
"CB2",4,29687
"CB22",2,25778
"CB23",5,36052
"CB24",6,36901
"CB25",3,19054
"CB3",2,18818
"CB4",3,44345
"CB5",2,13530
"CB6",4,39737
"CB7",2,28702
"CB8",4,34600
"CB9",2,33005
"CH1",8,32962
"CH2",3,35674
"CH3",2,36541
"CH4",2,34818
"CH41",7,19607
"CH42",3,32616
"CH43",5,37830
"CH44",4,29347
"CH45",5,30179
"CH46",6,25286
"CH47",1,10819
"CH48",1,14930
"CH49",5,29568
"CH60",1,13052
"CH62",4,30310
"CH63",5,29359
"CH64",3,19185
"CH65",4,30570
"CH66",2,35918
"CM0",3,17900
"CM1",5,69427
"CM11",1,19059
"CM12",5,20661
"CM13",1,25357
"CM14",1,21391
"CM15",5,23950
"CM16",2,23929
"CM17",2,25906
"CM18",3,26013
"CM2",5,61042
"CM20",3,25928
"CM21",2,11388
"CM22",2,16134
"CM23",3,43855
"CM24",1,8715
"CM3",7,56126
"CM4",2,10413
"CM5",1,11784
"CM6",3,29985
"CM7",5,50973
"CM8",5,35665
"CM9",3,35361
"CO1",2,18035
"CO10",5,50311
"CO11",2,13965
"CO12",3,23460
"CO13",1,12827
"CO14",1,7178
"CO15",6,45001
"CO16",1,26562
"CO2",2,40911
"CO3",3,32840
"CO4",4,53273
"CO5",4,29501
"CO6",2,28977
"CO7",5,35021
"CO9",2,27821
"CR0",18,170304
"CR2",7,50362
"CR3",2,31017
"CR4",7,64887
"CR5",2,31963
"CR6",2,10322
"CR7",11,46951
"CR8",2,33370
"CT1",3,32129
"CT10",3,25161
"CT11",3,29972
"CT12",3,19072
"CT13",1,8511
"CT14",4,35532
"CT15",1,13361
"CT16",4,21094
"CT17",1,22278
"CT18",2,14893
"CT19",2,28300
"CT2",2,32331
"CT20",4,23772
"CT21",2,17597
"CT3",2,20655
"CT4",3,17187
"CT5",1,33165
"CT6",2,40490
"CT7",1,12129
"CT8",1,7903
"CT9",3,46355
"CV1",10,35938
"CV10",5,56443
"CV11",8,41423
"CV12",5,32098
"CV2",9,68128
"CV21",8,40175
"CV22",1,39801
"CV23",2,27656
"CV3",10,70203
"CV31",4,34419
"CV32",3,32914
"CV33",1,8379
"CV34",4,35670
"CV35",3,26869
"CV36",1,10446
"CV37",4,45606
"CV4",4,37316
"CV47",3,20172
"CV5",4,47083
"CV6",13,94111
"CV7",2,29308
"CV8",3,31272
"CV9",2,22695
"CW1",5,44804
"CW10",2,15609
"CW11",1,27046
"CW12",3,33378
"CW2",1,44045
"CW3",3,9624
"CW4",1,10867
"CW5",4,33192
"CW6",4,13616
"CW7",5,34565
"CW8",3,40289
"CW9",4,35219
"DA1",9,65369
"DA11",4,41402
"DA12",4,49484
"DA13",2,14332
"DA14",2,23138
"DA15",2,29748
"DA16",5,37486
"DA17",1,19413
"DA2",1,24260
"DA3",1,17119
"DA4",2,9428
"DA5",1,21268
"DA6",1,11057
"DA7",4,36100
"DA8",3,38275
"DE1",6,16419
"DE11",5,46765
"DE12",1,22087
"DE13",5,43275
"DE14",5,35361
"DE15",3,25010
"DE21",3,57647
"DE22",3,48751
"DE23",7,66788
"DE24",3,59999
"DE3",2,18647
"DE4",5,34141
"DE45",2,8047
"DE5",2,22493
"DE55",7,54108
"DE56",3,39397
"DE6",4,26620
"DE65",2,24508
"DE7",8,51203
"DE72",1,20451
"DE73",2,20930
"DE74",2,12927
"DE75",3,18655
"DH1",4,52550
"DH2",3,30462
"DH3",4,26738
"DH4",6,35003
"DH5",1,21235
"DH6",5,35115
"DH7",6,42740
"DH8",3,39859
"DH9",4,37251
"DL1",4,47914
"DL10",4,17998
"DL11",2,4847
"DL12",2,12362
"DL13",3,13578
"DL14",4,37650
"DL15",2,23077
"DL16",2,22357
"DL17",2,17980
"DL2",3,18752
"DL3",5,43258
"DL4",1,10100
"DL5",3,29491
"DL7",2,15669
"DL8",3,18653
"DL9",1,14598
"DN1",7,9720
"DN10",2,12593
"DN11",3,29658
"DN12",5,24468
"DN14",4,48962
"DN15",5,37208
"DN16",4,32771
"DN17",2,36776
"DN18",2,12772
"DN2",1,24668
"DN20",3,19197
"DN21",4,39038
"DN22",4,37404
"DN3",2,30173
"DN31",8,9315
"DN32",4,28067
"DN33",1,20383
"DN34",5,19127
"DN35",5,32616
"DN36",1,20537
"DN38",1,2885
"DN4",3,55574
"DN40",2,12435
"DN41",1,6606
"DN5",6,40265
"DN6",3,30952
"DN7",3,24239
"DN8",2,18395
"DN9",1,21660
"DT1",5,21364
"DT10",1,12047
"DT11",2,30237
"DT2",2,25912
"DT3",1,24759
"DT4",5,37399
"DT5",1,13558
"DT6",1,21781
"DT7",1,5568
"DT8",1,6065
"DT9",4,22329
"DY1",8,35229
"DY10",4,37000
"DY11",3,32221
"DY12",1,12113
"DY13",1,22918
"DY14",1,8662
"DY2",5,36281
"DY3",5,34909
"DY4",6,48224
"DY5",6,42705
"DY6",4,28847
"DY8",3,50930
"DY9",6,31648
"E1",8,78961
"E10",7,47365
"E11",11,56041
"E12",7,42759
"E13",11,51756
"E14",9,108214
"E15",6,58450
"E16",4,61514
"E17",15,113053
"E18",5,20625
"E1W",2,14644
"E2",5,50134
"E20",1,9677
"E3",8,67713
"E4",8,66495
"E5",6,49018
"E6",7,84299
"E7",11,53871
"E8",6,42334
"E9",8,40992
"EC1A",1,1282
"EC1R",2,4904
"EC1V",1,15298
"EN1",2,47936
"EN10",2,18059
"EN11",3,22483
"EN2",2,31275
"EN3",3,61338
"EN4",3,27679
"EN5",4,39898
"EN6",4,30308
"EN7",2,21931
"EN8",4,39368
"EN9",2,25310
"EX1",8,27669
"EX10",1,17692
"EX11",1,9577
"EX12",2,9854
"EX13",1,13580
"EX14",1,22222
"EX15",3,23819
"EX16",4,33738
"EX17",2,20542
"EX18",1,3287
"EX2",2,44912
"EX20",1,22305
"EX21",1,4649
"EX22",2,11860
"EX23",2,16658
"EX3",1,4935
"EX31",1,28411
"EX32",3,24250
"EX33",1,10293
"EX34",1,16608
"EX35",1,1632
"EX36",1,10045
"EX38",2,8421
"EX39",4,39461
"EX4",5,60690
"EX5",3,26350
"EX6",2,14975
"EX7",1,14638
"EX8",5,38437
"EX9",1,6970
"FY1",7,34436
"FY2",2,24079
"FY3",3,31870
"FY4",5,44476
"FY5",5,44717
"FY6",3,28814
"FY7",3,26226
"FY8",6,45113
"GL1",6,38885
"GL10",3,15858
"GL11",3,19337
"GL12",2,16184
"GL14",3,15946
"GL15",4,22254
"GL16",2,14198
"GL17",2,11734
"GL18",1,8726
"GL19",1,9685
"GL2",5,61900
"GL20",3,29491
"GL3",3,34869
"GL4",1,48629
"GL5",4,31351
"GL50",9,22178
"GL51",1,53178
"GL52",4,49220
"GL53",1,21142
"GL54",3,24779
"GL55",1,5809
"GL56",2,10048
"GL6",4,24772
"GL7",5,45503
"GU1",3,31811
"GU10",4,24231
"GU11",3,27169
"GU12",1,32491
"GU14",6,57225
"GU15",3,36131
"GU16",2,24136
"GU17",1,11948
"GU18",1,6609
"GU19",1,6122
"GU2",2,35831
"GU21",3,50863
"GU22",6,36599
"GU23",1,6896
"GU24",2,20412
"GU25",1,5839
"GU26",1,7763
"GU27",1,18096
"GU28",1,6894
"GU29",1,9921
"GU3",1,11466
"GU30",1,10555
"GU31",1,11658
"GU32",2,12266
"GU33",1,8412
"GU34",4,33557
"GU35",2,24133
"GU4",1,16121
"GU47",1,18996
"GU5",2,10809
"GU51",2,25130
"GU52",1,18842
"GU6",1,15895
"GU7",2,24585
"GU8",4,17657
"GU9",2,31883
"HA0",10,56754
"HA1",8,45038
"HA2",8,60060
"HA3",11,75783
"HA4",10,53095
"HA5",5,47084
"HA6",4,23468
"HA7",2,39337
"HA8",11,71824
"HA9",10,58681
"HD1",13,24516
"HD2",5,30012
"HD3",4,31884
"HD4",2,30027
"HD5",4,30735
"HD6",4,26539
"HD7",3,22784
"HD8",5,33667
"HD9",4,35884
"HG1",5,34360
"HG2",2,32723
"HG3",1,29388
"HG4",4,25955
"HG5",3,18703
"HP1",1,26280
"HP10",2,19366
"HP11",3,17273
"HP12",2,23283
"HP13",4,45994
"HP14",2,18001
"HP15",1,17305
"HP16",2,11722
"HP17",1,10991
"HP18",1,22535
"HP19",3,27074
"HP2",6,42424
"HP20",2,16167
"HP21",1,35099
"HP22",1,30993
"HP23",1,17994
"HP27",2,13344
"HP3",3,34801
"HP4",2,24811
"HP5",3,27008
"HP6",1,15263
"HP7",2,11067
"HP9",2,17623
"HR1",4,33618
"HR2",4,38964
"HR4",1,30828
"HR5",1,4788
"HR6",3,20962
"HR7",1,7357
"HR8",1,14141
"HR9",2,21473
"HU1",1,3539
"HU10",2,19739
"HU11",1,12157
"HU13",3,15541
"HU14",1,8549
"HU15",2,25133
"HU16",1,16098
"HU17",5,43822
"HU18",1,8975
"HU19",1,6960
"HU3",6,31150
"HU4",1,23997
"HU5",6,48848
"HU6",3,36013
"HU7",8,47875
"HU8",1,34985
"HU9",5,41932
"HX1",5,25820
"HX2",3,37097
"HX3",2,45909
"HX4",1,12028
"HX5",1,10537
"HX6",2,19174
"HX7",1,12885
"IG1",9,70976
"IG10",3,33797
"IG11",11,65311
"IG2",7,31885
"IG3",6,40296
"IG4",1,10573
"IG5",2,18328
"IG6",4,32201
"IG7",2,23633
"IG8",2,38067
"IG9",3,13255
"IP1",4,40663
"IP11",3,30181
"IP12",3,25515
"IP13",2,19626
"IP14",4,41746
"IP16",1,6830
"IP17",1,12373
"IP18",1,3840
"IP19",1,10319
"IP2",1,32670
"IP20",1,8398
"IP21",2,11423
"IP22",3,22921
"IP23",1,7562
"IP24",3,28971
"IP25",2,21474
"IP26",1,9643
"IP27",3,20511
"IP28",2,29813
"IP3",3,35738
"IP30",1,14647
"IP31",2,21303
"IP32",1,18031
"IP33",4,23892
"IP4",4,38346
"IP5",2,19674
"IP6",1,17921
"IP7",2,17026
"IP9",1,11663
"KT1",1,23628
"KT10",4,21682
"KT11",1,15893
"KT12",6,39937
"KT13",2,22788
"KT14",3,13856
"KT15",1,30173
"KT16",2,20259
"KT17",4,25655
"KT18",2,17686
"KT19",1,37848
"KT2",5,33505
"KT20",2,21640
"KT21",1,14016
"KT22",3,24918
"KT23",2,11319
"KT24",1,9132
"KT3",5,40360
"KT4",2,29921
"KT5",1,21087
"KT6",6,32921
"KT7",1,10726
"KT8",2,20964
"KT9",3,21792
"L1",1,11570
"L11",5,29577
"L12",3,30656
"L13",5,29865
"L14",4,27674
"L15",4,29977
"L16",1,14672
"L17",4,22910
"L18",4,26123
"L19",4,24634
"L20",7,34488
"L21",6,24954
"L22",3,13755
"L23",5,30463
"L24",4,17385
"L25",7,34045
"L26",3,15321
"L27",1,6728
"L28",1,6669
"L3",1,20614
"L30",2,19946
"L31",4,30752
"L32",4,21032
"L33",2,19177
"L34",2,13814
"L35",4,30554
"L36",11,42128
"L37",3,23345
"L38",1,2469
"L39",4,31350
"L4",6,40653
"L40",3,19363
"L5",4,14569
"L6",9,24757
"L69",1,NA
"L7",7,21614
"L8",4,35300
"L9",8,31884
"LA1",2,55994
"LA10",1,3825
"LA11",2,9945
"LA12",3,20203
"LA13",2,19104
"LA14",7,36957
"LA15",1,7655
"LA17",1,1205
"LA18",1,8301
"LA2",1,22618
"LA21",1,1017
"LA22",1,4890
"LA23",2,8307
"LA3",1,25122
"LA5",1,16243
"LA6",1,13193
"LA7",1,5056
"LA9",3,31835
"LE1",4,18755
"LE10",5,53121
"LE11",7,65654
"LE12",11,69394
"LE13",1,27626
"LE14",1,18115
"LE15",4,36049
"LE16",1,38312
"LE17",3,23635
"LE18",3,33755
"LE19",3,16442
"LE2",21,123106
"LE3",16,109981
"LE4",13,108997
"LE5",15,99623
"LE6",2,12048
"LE65",1,16942
"LE67",8,64811
"LE7",4,51247
"LE8",4,40677
"LE9",6,59982
"LN1",5,32318
"LN10",2,6204
"LN11",3,29609
"LN12",1,13394
"LN13",1,8222
"LN2",6,42226
"LN4",6,40575
"LN5",4,36425
"LN6",6,64678
"LN7",1,6429
"LN8",3,17690
"LN9",1,10180
"LS1",1,4476
"LS10",5,40068
"LS11",4,39904
"LS12",5,44185
"LS13",3,37065
"LS14",4,39005
"LS15",4,35941
"LS16",2,37651
"LS17",3,44911
"LS19",3,20394
"LS2",1,11904
"LS20",1,13231
"LS21",2,18548
"LS22",3,16824
"LS23",2,9842
"LS24",1,12392
"LS25",6,43442
"LS26",2,31354
"LS27",5,38284
"LS28",6,41653
"LS29",4,32860
"LS4",1,9401
"LS5",2,8441
"LS6",7,49788
"LS7",5,31823
"LS8",7,51625
"LS9",7,43563
"LU1",7,50512
"LU2",4,61617
"LU3",8,65911
"LU4",9,57733
"LU5",4,42083
"LU6",4,34490
"LU7",5,61416
"M1",2,11795
"M11",7,24400
"M12",3,19434
"M13",6,24285
"M14",8,56704
"M15",2,26213
"M16",6,37780
"M18",2,26796
"M19",4,37405
"M20",6,49771
"M21",3,29029
"M22",6,45590
"M23",6,32753
"M24",9,50667
"M25",6,32876
"M26",3,37121
"M27",4,43108
"M28",10,43560
"M29",6,24135
"M3",1,16345
"M30",3,40464
"M31",2,8176
"M32",3,29500
"M33",6,61924
"M34",3,47766
"M35",3,21455
"M38",2,15089
"M4",2,17700
"M40",7,46245
"M41",5,41725
"M43",3,23934
"M44",3,19920
"M45",2,23294
"M46",4,23419
"M5",2,21198
"M6",9,36225
"M7",5,36005
"M8",6,36234
"M9",10,44328
"ME1",5,33830
"ME10",6,52609
"ME12",6,42961
"ME13",2,28942
"ME14",3,34287
"ME15",4,53310
"ME16",3,34416
"ME17",4,26916
"ME18",2,7110
"ME19",1,25616
"ME2",5,42823
"ME20",2,21776
"ME3",3,30241
"ME4",5,33501
"ME5",6,52166
"ME6",1,11844
"ME7",7,53393
"ME8",10,50824
"ME9",2,23659
"MK10",2,24473
"MK11",2,10384
"MK12",1,14487
"MK13",1,19241
"MK14",3,21324
"MK15",1,6883
"MK16",2,19113
"MK17",1,20356
"MK18",1,34665
"MK2",3,17135
"MK3",2,27840
"MK4",1,24643
"MK40",7,39401
"MK41",2,43720
"MK42",4,56441
"MK43",3,42493
"MK44",2,16537
"MK45",5,49442
"MK46",1,9391
"MK5",1,15845
"MK6",3,29608
"MK7",1,14790
"MK8",2,15255
"N1",15,93853
"N10",3,27484
"N11",4,31397
"N12",2,30696
"N13",3,33667
"N14",2,31422
"N15",10,48426
"N16",13,68429
"N17",7,68813
"N18",4,34387
"N19",6,35005
"N2",3,24617
"N20",3,20114
"N21",3,24264
"N22",7,43559
"N3",8,26762
"N4",6,53182
"N5",2,25724
"N6",1,18255
"N7",8,50828
"N8",6,40057
"N9",10,53045
"NE1",2,13352
"NE10",4,34211
"NE11",1,15970
"NE12",4,36636
"NE13",2,20156
"NE15",3,33906
"NE16",3,24720
"NE17",2,4563
"NE2",2,32652
"NE20",2,12581
"NE21",4,17695
"NE22",2,17946
"NE23",4,39517
"NE24",2,40360
"NE25",3,30385
"NE26",4,19167
"NE27",2,16348
"NE28",4,46557
"NE29",5,35744
"NE3",7,52925
"NE31",3,22945
"NE32",4,24425
"NE33",7,25942
"NE34",4,51674
"NE35",2,6276
"NE37",3,19826
"NE38",4,31617
"NE39",1,8610
"NE4",7,42300
"NE40",2,15634
"NE42",3,12460
"NE43",1,4445
"NE45",1,3583
"NE46",3,15053
"NE47",1,7667
"NE48",1,4132
"NE49",1,4222
"NE5",4,50069
"NE6",6,50709
"NE61",5,34044
"NE62",1,9052
"NE63",1,28239
"NE65",3,21558
"NE66",1,17588
"NE7",2,14867
"NE70",1,1779
"NE71",2,2944
"NE8",9,32421
"NE9",4,36821
"NG1",2,16562
"NG10",6,47420
"NG11",5,39041
"NG12",1,35767
"NG13",3,23224
"NG14",2,19983
"NG15",4,45726
"NG16",6,64116
"NG17",11,75325
"NG18",7,45052
"NG19",4,54389
"NG2",8,60395
"NG20",3,27911
"NG21",4,24583
"NG22",3,28040
"NG23",3,18103
"NG24",4,48282
"NG25",1,9165
"NG3",7,52095
"NG31",5,47362
"NG32",2,13160
"NG33",3,9741
"NG34",4,43536
"NG4",4,40836
"NG5",12,89787
"NG6",6,38820
"NG7",11,62856
"NG8",10,67062
"NG9",8,73708
"NN1",6,35013
"NN10",4,41557
"NN11",3,41581
"NN12",2,26494
"NN13",2,21978
"NN14",4,46878
"NN15",3,41688
"NN16",3,32247
"NN17",3,33524
"NN18",2,40310
"NN2",6,42095
"NN29",2,11812
"NN3",8,78057
"NN4",3,52646
"NN5",1,45309
"NN6",4,37473
"NN7",4,30086
"NN8",4,54816
"NN9",4,29037
"NR1",3,28988
"NR11",4,19182
"NR12",3,21362
"NR13",3,28677
"NR14",3,27394
"NR15",1,16097
"NR16",1,12733
"NR17",1,17957
"NR18",2,21251
"NR19",3,20587
"NR2",4,27053
"NR20",2,20310
"NR21",1,16472
"NR23",1,3051
"NR25",1,8740
"NR26",1,8193
"NR27",1,11647
"NR28",2,17757
"NR29",3,21066
"NR3",6,34509
"NR30",2,31259
"NR31",3,50861
"NR32",3,40375
"NR33",5,39218
"NR34",1,22257
"NR35",1,11091
"NR4",2,25354
"NR5",3,32240
"NR6",2,24698
"NR7",2,34845
"NR8",2,22766
"NR9",1,19369
"NW1",9,55725
"NW10",11,95126
"NW11",6,33713
"NW2",12,70428
"NW3",6,49336
"NW4",4,34096
"NW5",5,30259
"NW6",7,66446
"NW7",3,28645
"NW8",4,32802
"NW9",10,78315
"OL1",10,25455
"OL10",5,29666
"OL11",8,48289
"OL12",5,47427
"OL13",1,16577
"OL14",2,15881
"OL15",4,14649
"OL16",6,40561
"OL2",4,41111
"OL3",1,15376
"OL4",8,47559
"OL5",3,11591
"OL6",5,30746
"OL7",3,18127
"OL8",6,46579
"OL9",7,43990
"OX1",5,27136
"OX10",3,28489
"OX11",3,44502
"OX12",2,29247
"OX14",5,45921
"OX15",3,21698
"OX16",4,52329
"OX17",1,18647
"OX18",3,27607
"OX2",5,41413
"OX20",1,5384
"OX26",3,38088
"OX28",3,28309
"OX29",1,26942
"OX3",2,47650
"OX33",1,7894
"OX4",8,66905
"OX49",1,4204
"OX5",3,24117
"OX7",3,24639
"OX9",1,16011
"PE1",4,56750
"PE10",2,25576
"PE11",4,47174
"PE12",4,41880
"PE13",4,38051
"PE14",2,22503
"PE15",4,31568
"PE16",1,11163
"PE19",5,46797
"PE2",3,53616
"PE20",3,15543
"PE21",4,47026
"PE22",2,17143
"PE23",1,8929
"PE25",2,23145
"PE26",1,12021
"PE27",3,20656
"PE28",4,52394
"PE29",3,32483
"PE3",3,33378
"PE30",4,46719
"PE31",2,19528
"PE32",3,16251
"PE33",2,15758
"PE34",1,14906
"PE37",3,11834
"PE38",3,16547
"PE4",1,30344
"PE5",1,1540
"PE6",3,39581
"PE7",3,51043
"PE8",2,18725
"PE9",1,33295
"PL1",4,26332
"PL11",1,10307
"PL12",3,21801
"PL13",1,10064
"PL14",2,24840
"PL15",1,21403
"PL17",1,10307
"PL19",2,17014
"PL2",3,32327
"PL20",1,12388
"PL21",1,19079
"PL22",1,3865
"PL23",1,3150
"PL24",1,10534
"PL25",1,27666
"PL26",3,28257
"PL27",1,12511
"PL29",1,926
"PL3",1,31096
"PL31",2,16771
"PL32",2,4588
"PL35",1,985
"PL4",4,35312
"PL5",5,44006
"PL6",3,42828
"PL7",1,31340
"PL8",1,6130
"PL9",3,31091
"PO1",3,31461
"PO10",2,20280
"PO11",2,17390
"PO12",3,46366
"PO13",3,35702
"PO14",1,33652
"PO15",3,23064
"PO16",3,32537
"PO17",1,6965
"PO19",4,33528
"PO2",2,42522
"PO20",4,36182
"PO21",4,43414
"PO22",2,31977
"PO3",2,20604
"PO30",2,31257
"PO31",1,14852
"PO32",1,9147
"PO33",4,31045
"PO36",1,16584
"PO38",2,12332
"PO4",1,41272
"PO40",1,5706
"PO5",3,29391
"PO6",2,42520
"PO7",2,44179
"PO8",4,35752
"PO9",5,50906
"PR1",11,73467
"PR2",7,80048
"PR25",5,32716
"PR26",2,15650
"PR3",4,42034
"PR4",6,65417
"PR5",5,40633
"PR6",5,36207
"PR7",8,64116
"PR8",8,56153
"PR9",5,43925
"RG1",7,49233
"RG10",2,18786
"RG12",7,59266
"RG14",3,42335
"RG17",3,15472
"RG18",1,20020
"RG19",1,17328
"RG2",4,47277
"RG20",2,19902
"RG21",2,30628
"RG22",2,42414
"RG24",2,39326
"RG26",2,23400
"RG27",1,24225
"RG28",1,6418
"RG29",1,7064
"RG30",3,48859
"RG31",2,28736
"RG4",3,40917
"RG40",3,32242
"RG41",1,32107
"RG42",2,29381
"RG45",1,15419
"RG5",2,27826
"RG6",3,40124
"RG7",4,36324
"RG8",2,19354
"RG9",3,23698
"RH1",5,50436
"RH10",7,73959
"RH11",6,60281
"RH12",6,51991
"RH13",2,40063
"RH14",2,16936
"RH15",3,34156
"RH16",4,39232
"RH17",2,20486
"RH18",1,4476
"RH19",1,35193
"RH2",1,27631
"RH20",2,26481
"RH3",1,4228
"RH4",2,16427
"RH5",1,16249
"RH6",3,35061
"RH7",1,8866
"RH8",1,15852
"RH9",1,5649
"RM1",4,23049
"RM10",8,42394
"RM11",4,32650
"RM12",6,36032
"RM13",4,32562
"RM14",4,28044
"RM15",5,32232
"RM16",3,43963
"RM17",8,29933
"RM18",5,19772
"RM19",1,7356
"RM2",1,13842
"RM3",10,48053
"RM4",1,4568
"RM5",2,20835
"RM6",5,37986
"RM7",4,32686
"RM8",7,49883
"RM9",6,39849
"S1",1,10768
"S10",4,45915
"S11",7,34918
"S12",5,34202
"S13",3,31052
"S14",1,9724
"S17",1,16100
"S18",3,24764
"S2",8,46993
"S20",4,30196
"S21",3,20603
"S25",1,21337
"S26",2,26471
"S3",5,18473
"S32",1,5620
"S33",1,4608
"S35",5,40628
"S36",4,29000
"S4",2,14405
"S40",5,34693
"S41",2,36906
"S42",3,29814
"S43",4,41157
"S44",3,22409
"S45",3,14478
"S5",8,63442
"S6",9,58122
"S60",4,42125
"S61",4,34942
"S62",3,20085
"S63",5,42908
"S64",4,31902
"S65",5,35178
"S66",7,46292
"S7",1,17764
"S70",7,41437
"S71",6,47573
"S72",4,25925
"S73",3,29250
"S74",2,18058
"S75",4,44894
"S8",6,45951
"S80",4,30843
"S81",1,38656
"S9",4,29041
"SE1",6,73174
"SE10",6,40654
"SE11",3,23014
"SE12",2,28560
"SE13",6,46362
"SE14",5,27535
"SE15",8,65578
"SE16",5,53700
"SE17",3,35753
"SE18",13,84970
"SE19",3,28914
"SE2",3,28381
"SE20",4,24812
"SE21",3,15210
"SE22",6,30429
"SE23",3,34644
"SE24",4,18479
"SE25",5,36596
"SE26",2,30589
"SE27",2,22158
"SE28",2,30524
"SE3",3,34929
"SE4",3,28964
"SE5",5,50452
"SE6",6,57210
"SE7",1,23024
"SE8",3,33260
"SE9",5,67210
"SG1",4,55697
"SG10",1,2200
"SG11",1,8795
"SG12",2,30608
"SG14",3,20697
"SG15",1,6026
"SG16",1,6871
"SG17",1,14767
"SG18",2,30745
"SG19",2,25741
"SG2",2,43222
"SG3",1,7208
"SG4",2,30135
"SG5",4,35628
"SG6",4,34331
"SG7",2,13840
"SG8",3,40328
"SG9",1,12524
"SK1",1,12676
"SK10",1,40873
"SK11",8,37542
"SK13",5,33338
"SK14",7,50287
"SK15",5,28591
"SK16",3,19746
"SK17",4,30717
"SK2",4,30245
"SK22",2,12074
"SK23",2,18395
"SK3",2,28977
"SK4",3,35490
"SK5",4,31543
"SK6",10,51451
"SK7",5,41784
"SK8",7,61839
"SK9",5,39941
"SL0",1,11701
"SL1",10,78212
"SL2",7,59956
"SL3",3,50523
"SL4",4,45354
"SL5",4,24782
"SL6",10,84273
"SL7",1,21318
"SL9",3,22245
"SM1",5,43871
"SM2",1,31280
"SM3",4,22446
"SM4",3,39690
"SM5",5,41752
"SM6",7,40363
"SM7",2,18509
"SN1",5,36319
"SN10",6,32675
"SN11",2,24803
"SN12",2,28538
"SN13",2,17773
"SN14",2,27752
"SN15",2,37597
"SN16",2,14761
"SN2",2,45229
"SN25",2,44355
"SN3",5,55199
"SN4",3,29504
"SN5",5,35631
"SN6",3,22816
"SN7",1,15283
"SN8",4,24926
"SN9",1,8283
"SO14",3,30998
"SO15",6,44101
"SO16",7,70040
"SO17",3,19835
"SO18",2,37464
"SO19",5,58497
"SO20",1,8065
"SO21",2,20875
"SO22",2,31653
"SO23",1,23309
"SO24",1,11451
"SO30",2,33539
"SO31",3,48662
"SO32",1,23672
"SO40",2,41106
"SO41",2,31951
"SO42",1,4864
"SO43",1,4379
"SO45",3,34373
"SO50",5,51843
"SO51",2,30022
"SO52",1,7205
"SO53",2,32089
"SP1",1,22723
"SP10",5,39796
"SP11",1,35724
"SP2",3,30982
"SP3",2,11435
"SP4",3,38742
"SP5",3,22434
"SP6",1,14172
"SP8",2,14386
"SR1",2,5092
"SR2",5,32068
"SR3",5,38022
"SR4",8,41644
"SR5",3,34188
"SR6",4,29104
"SR7",4,30414
"SR8",2,34667
"SS0",5,42536
"SS1",6,28231
"SS12",3,18782
"SS13",7,22667
"SS14",3,29043
"SS15",4,33878
"SS16",4,32182
"SS17",5,33928
"SS2",7,39129
"SS3",4,29197
"SS4",3,22004
"SS5",3,22280
"SS6",3,32425
"SS7",7,50541
"SS8",6,38327
"SS9",6,50726
"ST1",6,32502
"ST10",6,25156
"ST11",1,9801
"ST13",3,27818
"ST14",3,21723
"ST15",2,22922
"ST16",4,33574
"ST17",3,38529
"ST18",1,18144
"ST19",2,15508
"ST2",3,35460
"ST20",1,7034
"ST21",1,6502
"ST3",10,68507
"ST4",7,57886
"ST5",11,82287
"ST6",10,67283
"ST7",7,55169
"ST8",2,19964
"ST9",2,12021
"SW10",3,17025
"SW11",11,81336
"SW12",5,32166
"SW13",2,15777
"SW14",2,17471
"SW15",8,63972
"SW16",13,85971
"SW17",5,64524
"SW18",6,65843
"SW19",11,80552
"SW1P",3,13042
"SW1V",2,21568
"SW1W",4,6889
"SW1X",1,4855
"SW2",3,55538
"SW20",3,30514
"SW3",2,19002
"SW4",7,41176
"SW5",4,13955
"SW6",10,65848
"SW7",5,15132
"SW8",4,38648
"SW9",7,48006
"SY1",3,28665
"SY10",1,15672
"SY11",3,27852
"SY12",1,8618
"SY14",1,7046
"SY2",2,18727
"SY3",6,34769
"SY4",4,26534
"SY5",2,22946
"SY6",1,6908
"SY7",2,10924
"SY8",2,18626
"SY9",1,2821
"TA1",5,42119
"TA10",1,10083
"TA11",1,10143
"TA12",1,6188
"TA14",1,3182
"TA18",1,10706
"TA19",3,12309
"TA2",2,31807
"TA20",3,21578
"TA21",2,21214
"TA22",1,2633
"TA24",2,18616
"TA3",2,15278
"TA4",3,19758
"TA5",2,12305
"TA6",6,52695
"TA7",1,15887
"TA8",1,16773
"TA9",2,13524
"TD15",2,16669
"TF1",1,42708
"TF10",2,20754
"TF11",1,12608
"TF12",1,5760
"TF13",1,3827
"TF2",2,40757
"TF3",3,26939
"TF4",1,23012
"TF5",1,5078
"TF7",2,19067
"TF8",1,3012
"TF9",3,26972
"TN1",2,11720
"TN11",2,14831
"TN12",4,31362
"TN13",4,25568
"TN14",1,16639
"TN15",1,25728
"TN16",3,19684
"TN17",4,14304
"TN18",1,6649
"TN19",1,5207
"TN2",3,29750
"TN20",1,3760
"TN21",1,16969
"TN22",3,27566
"TN23",1,45021
"TN24",4,34682
"TN25",2,19285
"TN26",2,12395
"TN27",2,14297
"TN28",2,8855
"TN29",1,13220
"TN3",2,11614
"TN30",1,9937
"TN31",3,14042
"TN32",1,5218
"TN33",2,12663
"TN34",5,30460
"TN35",1,17667
"TN37",1,20698
"TN38",3,28954
"TN39",3,26517
"TN4",3,31280
"TN5",1,8740
"TN6",3,25598
"TN8",1,14173
"TN9",2,19260
"TQ1",3,33160
"TQ10",1,4058
"TQ11",1,4235
"TQ12",6,58504
"TQ13",4,24396
"TQ14",2,19591
"TQ2",2,36523
"TQ3",2,32632
"TQ4",2,20827
"TQ5",1,19128
"TQ6",1,7837
"TQ7",2,17064
"TQ8",1,1732
"TQ9",2,19785
"TR1",3,23406
"TR10",1,12626
"TR11",3,31698
"TR12",2,9400
"TR13",2,20685
"TR14",2,27820
"TR15",2,22025
"TR16",1,16405
"TR17",1,1633
"TR18",4,19522
"TR2",2,10506
"TR21",1,1592
"TR26",1,11001
"TR27",1,16257
"TR3",1,13000
"TR4",1,13009
"TR5",1,4261
"TR6",1,4035
"TR7",2,22163
"TR9",1,8646
"TS1",8,16694
"TS10",5,37888
"TS11",1,11134
"TS12",3,22690
"TS13",2,9957
"TS14",2,18648
"TS15",1,14130
"TS16",1,10802
"TS17",3,46714
"TS18",8,27524
"TS20",1,20519
"TS21",2,13213
"TS23",6,28426
"TS24",6,22143
"TS25",3,38233
"TS26",2,25627
"TS27",1,11825
"TS28",2,5378
"TS3",5,29745
"TS4",2,19156
"TS5",5,41322
"TS6",4,30343
"TS8",2,22441
"TS9",2,12771
"TW1",6,27656
"TW10",1,20179
"TW11",2,24417
"TW12",3,24040
"TW13",7,39916
"TW14",6,31787
"TW15",4,29530
"TW16",1,22399
"TW17",2,14548
"TW18",3,26697
"TW19",1,18828
"TW2",5,31666
"TW20",2,27424
"TW3",11,47894
"TW4",1,32239
"TW5",5,33426
"TW7",3,42027
"TW8",3,24892
"TW9",4,22987
"UB1",15,43924
"UB10",4,39184
"UB2",6,38025
"UB3",9,56889
"UB4",5,42608
"UB5",11,50298
"UB6",8,54019
"UB7",4,36952
"UB8",6,38798
"UB9",2,15734
"W10",11,35161
"W11",7,29188
"W12",11,49505
"W13",7,33145
"W14",3,35417
"W1D",2,933
"W1F",1,1704
"W1G",1,2238
"W1H",1,5933
"W1K",1,2110
"W1T",1,3292
"W2",9,44650
"W3",10,58961
"W4",12,45823
"W5",8,51938
"W6",5,36342
"W7",6,30969
"W8",3,17926
"W9",6,36488
"WA1",7,23334
"WA10",11,40272
"WA11",5,39986
"WA12",4,25537
"WA13",2,13251
"WA14",5,30963
"WA15",7,43533
"WA16",1,24387
"WA2",6,41009
"WA3",8,49134
"WA4",4,49397
"WA5",5,62678
"WA6",2,19523
"WA7",6,63180
"WA8",8,64055
"WA9",8,52743
"WC1B",1,1289
"WC1E",2,1721
"WC1N",3,5844
"WC1X",2,7255
"WC2A",1,300
"WC2B",1,1505
"WC2H",1,2377
"WD17",2,19882
"WD18",2,28248
"WD19",3,29504
"WD23",3,28279
"WD25",2,30806
"WD3",5,43006
"WD4",2,11679
"WD5",2,11694
"WD6",4,41873
"WD7",1,12788
"WF1",6,39981
"WF10",5,51742
"WF11",1,17666
"WF12",5,36018
"WF13",6,29441
"WF14",1,20239
"WF15",1,17685
"WF16",3,12851
"WF17",8,44492
"WF2",4,54494
"WF3",3,34085
"WF4",3,44564
"WF5",1,21895
"WF6",5,22419
"WF7",3,22659
"WF8",3,36084
"WF9",4,41469
"WN1",4,20041
"WN2",6,53812
"WN3",8,30820
"WN4",5,27852
"WN5",5,44740
"WN6",4,41812
"WN7",10,50423
"WN8",7,47399
"WR1",4,10401
"WR10",2,19798
"WR11",4,48017
"WR12",1,6155
"WR13",2,8854
"WR14",4,34971
"WR15",1,7335
"WR2",2,32192
"WR3",1,21758
"WR4",1,26506
"WR5",2,35070
"WR6",2,13106
"WR7",1,5737
"WR8",1,8344
"WR9",4,34418
"WS1",11,28438
"WS10",12,51111
"WS11",9,44381
"WS12",4,36737
"WS13",2,29131
"WS15",5,38685
"WS2",7,42175
"WS3",11,53257
"WS4",1,17871
"WS6",4,17450
"WS7",3,30204
"WS8",3,16452
"WS9",5,26473
"WV1",4,16454
"WV10",12,62831
"WV11",5,35670
"WV12",2,25589
"WV13",4,22329
"WV14",5,51619
"WV15",1,8584
"WV16",3,18142
"WV2",2,19222
"WV3",5,30487
"WV4",2,34836
"WV5",3,15388
"WV6",7,45352
"WV7",1,7669
"WV8",2,16091
"YO1",1,6027
"YO10",1,32478
"YO11",3,23897
"YO12",3,39890
"YO13",1,10553
"YO14",2,11472
"YO15",2,13281
"YO16",4,25464
"YO17",2,23525
"YO18",1,11364
"YO19",1,13180
"YO21",3,13764
"YO22",1,8659
"YO23",1,19932
"YO24",4,29750
"YO25",2,34105
"YO26",1,31592
"YO32",2,28569
"YO41",1,12022
"YO42",1,16271
"YO43",1,13263
"YO51",1,6475
"YO60",1,4578
"YO61",3,14626
"YO62",3,12068
"YO7",3,21311
"YO8",3,48303
