"","Postcode_District","Population","Total_Registered_Patients","Total_Registered_Practitioners","Count_GP_Surgeries"
"1","AL1",39038,45138,69,3
"2","AL10",38933,35540,50,3
"3","AL2",24211,26374,37,3
"4","AL3",29620,45192,80,3
"5","AL5",31674,44543,56,3
"6","AL6",12336,15569,27,1
"7","AL7",36930,46443,59,3
"8","AL8",13596,11317,13,1
"9","AL9",11706,17014,20,1
"10","B1",10028,9045,4,1
"11","B10",28298,39966,49,7
"12","B11",47947,51891,52,9
"13","B12",21832,43682,54,7
"14","B13",38683,27681,39,4
"15","B14",43289,44491,64,6
"16","B15",20567,33356,32,2
"17","B16",25705,36413,51,4
"18","B17",27112,54730,79,4
"19","B18",17580,28598,26,5
"20","B19",24762,46682,61,5
"21","B2",501,11255,12,1
"22","B20",37142,34116,51,3
"23","B21",30467,39229,27,6
"24","B23",48328,34750,47,5
"25","B24",29757,76203,114,3
"26","B25",18043,9538,13,2
"27","B26",34601,40810,55,8
"28","B27",26620,15995,24,3
"29","B28",32624,31901,44,2
"30","B29",46161,49833,76,7
"31","B30",29603,20352,20,4
"32","B31",58045,70982,96,7
"33","B32",39717,31546,56,4
"34","B33",37615,28002,27,4
"35","B34",20525,19987,24,3
"36","B35",9897,13920,14,2
"37","B36",36884,36535,52,6
"38","B37",37674,30641,42,3
"39","B38",21117,28932,43,4
"40","B4",6979,981,1,1
"41","B42",25081,23934,28,2
"42","B43",30210,29519,32,4
"43","B44",37742,43335,71,7
"44","B45",32452,29453,50,5
"45","B46",12796,13786,21,2
"46","B47",10163,12138,25,2
"47","B49",10286,12165,19,2
"48","B5",13122,10738,22,1
"49","B50",6979,13318,13,1
"50","B6",20823,34761,59,4
"51","B60",27871,12963,25,1
"52","B61",26392,42504,74,4
"53","B62",25549,22038,31,3
"54","B63",37145,25796,34,4
"55","B64",18504,14752,24,3
"56","B65",24867,49043,64,2
"57","B66",26576,44170,68,6
"58","B67",32610,14848,14,3
"59","B68",33642,34594,39,6
"60","B69",31817,26762,31,3
"61","B7",9930,14965,34,3
"62","B70",34058,59325,93,11
"63","B71",33381,10693,15,2
"64","B72",9798,28215,33,2
"65","B74",32473,3579,5,1
"66","B75",27587,53155,52,1
"67","B76",21306,15346,15,1
"68","B77",57209,23550,26,4
"69","B78",24797,23249,35,2
"70","B79",24396,67275,89,6
"71","B8",46609,84142,65,13
"72","B80",7271,7662,13,1
"73","B9",27314,36854,44,4
"74","B90",49616,55659,109,3
"75","B91",33843,55715,61,1
"76","B92",37070,28794,41,4
"77","B93",20066,16030,25,2
"78","B94",7680,7693,10,2
"79","B95",6355,6628,11,1
"80","B96",5290,4598,7,1
"81","B97",35082,68571,104,7
"82","B98",50297,17739,18,1
"83","BA1",42248,30137,55,5
"84","BA10",3674,5955,11,1
"85","BA11",35288,40337,83,2
"86","BA12",29448,23082,29,2
"87","BA13",21944,23331,25,1
"88","BA14",52809,50329,62,2
"89","BA15",14068,20240,30,1
"90","BA16",13966,13179,20,1
"91","BA2",80404,102056,143,9
"92","BA20",11894,37719,53,3
"93","BA21",36198,16506,23,2
"94","BA22",18988,10449,17,2
"95","BA3",37449,39879,77,6
"96","BA4",18468,17842,26,2
"97","BA5",19145,19496,29,2
"98","BA6",13323,20132,38,2
"99","BA7",3919,6261,12,1
"100","BA9",8654,9017,16,1
"101","BB1",70613,98836,93,12
"102","BB10",41309,23592,17,3
"103","BB11",25043,58720,53,5
"104","BB12",36252,20356,24,3
"105","BB18",17251,26977,31,2
"106","BB2",62971,57008,65,8
"107","BB3",34084,34759,40,4
"108","BB4",42344,51637,56,7
"109","BB5",62932,61188,65,10
"110","BB6",14868,8256,8,1
"111","BB7",35630,41475,64,4
"112","BB8",23127,16746,18,2
"113","BB9",49959,53804,50,7
"114","BD1",5960,5983,25,1
"115","BD10",28116,26854,54,3
"116","BD11",11584,2707,3,1
"117","BD12",16899,25568,35,2
"118","BD13",26707,17646,49,2
"119","BD14",9010,13373,26,1
"120","BD15",16973,10133,19,1
"121","BD16",25425,24649,39,3
"122","BD17",18581,9239,17,1
"123","BD18",27792,44282,95,2
"124","BD19",22589,25235,27,3
"125","BD2",31563,31489,41,5
"126","BD21",27003,106516,151,5
"127","BD23",30122,13354,29,1
"128","BD24",5269,9545,24,1
"129","BD3",36000,41915,49,7
"130","BD4",32572,31207,36,3
"131","BD5",32058,21478,16,3
"132","BD6",31088,20988,26,2
"133","BD7",36192,56425,81,6
"134","BD8",34150,81254,58,10
"135","BD9",31539,22414,37,2
"136","BH1",23696,28015,59,2
"137","BH10",20924,34683,41,2
"138","BH11",20871,9596,18,1
"139","BH12",36169,18108,25,2
"140","BH14",25208,65753,77,2
"141","BH15",35656,49995,76,4
"142","BH17",23043,22025,28,2
"143","BH18",11940,32225,45,2
"144","BH19",11168,10877,23,1
"145","BH20",20325,22982,45,5
"146","BH21",42651,36889,61,4
"147","BH22",27642,30069,43,4
"148","BH23",55303,60331,104,6
"149","BH24",24892,23176,39,2
"150","BH25",25637,33465,50,1
"151","BH31",13654,8175,15,1
"152","BH4",9624,19390,30,1
"153","BH5",11263,25484,26,1
"154","BH6",23203,30983,56,3
"155","BH7",11710,5830,11,1
"156","BH8",32124,17537,34,2
"157","BH9",32568,42701,99,4
"158","BL0",17308,12809,17,2
"159","BL1",69352,101194,141,16
"160","BL2",47216,37791,44,5
"161","BL3",71883,82601,115,18
"162","BL4",35440,35902,59,4
"163","BL5",27465,27443,33,2
"164","BL6",31311,23830,18,2
"165","BL7",15174,10266,17,2
"166","BL8",36145,59766,76,3
"167","BL9",52307,58574,72,9
"168","BN1",84834,151436,187,15
"169","BN10",19916,18996,26,1
"170","BN11",34441,46723,63,4
"171","BN12",22675,19573,27,2
"172","BN14",31088,55725,72,3
"173","BN15",28220,28768,48,3
"174","BN16",29858,37048,47,3
"175","BN17",33161,27050,40,2
"176","BN18",14259,17790,32,2
"177","BN2",94305,59489,97,9
"178","BN21",26270,61692,88,4
"179","BN22",33589,37883,53,4
"180","BN23",28609,7422,6,1
"181","BN24",10644,14199,12,1
"182","BN25",23959,27814,38,2
"183","BN26",13160,17826,29,2
"184","BN27",32317,34213,42,4
"185","BN3",80963,85581,109,5
"186","BN41",21373,32427,68,4
"187","BN43",24263,36432,56,1
"188","BN44",10012,12066,20,1
"189","BN5",8038,10215,20,1
"190","BN6",19203,20562,24,1
"191","BN7",20330,28330,36,1
"192","BN8",16084,9696,8,1
"193","BN9",13906,16438,37,2
"194","BR1",60642,87114,122,10
"195","BR2",49627,36213,48,4
"196","BR3",49899,62345,110,7
"197","BR4",19761,25951,34,3
"198","BR5",48738,47173,71,8
"199","BR6",48041,58435,80,7
"200","BR7",18796,24316,27,2
"201","BR8",23730,24276,33,2
"202","BS1",18751,11473,18,1
"203","BS10",30605,42247,75,3
"204","BS11",19089,11040,23,1
"205","BS13",32398,34707,69,4
"206","BS14",30930,26939,49,2
"207","BS15",49775,46849,107,3
"208","BS16",91268,98745,139,6
"209","BS2",19401,10136,31,3
"210","BS20",32907,35570,69,3
"211","BS21",23557,16147,28,1
"212","BS22",38031,25053,28,2
"213","BS23",35965,48682,86,4
"214","BS24",24816,11366,18,1
"215","BS25",6644,9993,19,1
"216","BS26",4941,8693,15,1
"217","BS27",7499,8064,20,1
"218","BS3",41231,51216,76,2
"219","BS30",30085,28847,51,3
"220","BS31",24038,26639,58,3
"221","BS32",24755,23842,40,2
"222","BS34",36399,44244,66,3
"223","BS35",24401,26947,56,4
"224","BS36",16623,14356,25,1
"225","BS37",40910,44817,81,4
"226","BS39",17349,9069,20,1
"227","BS4",51717,58421,108,6
"228","BS40",13753,62904,94,3
"229","BS48",23524,33101,50,1
"230","BS5",57433,80463,136,5
"231","BS6",33985,58888,92,3
"232","BS7",44446,46338,83,3
"233","BS8",27237,34409,57,2
"234","BS9",33370,34292,64,4
"235","CA1",25032,70838,90,5
"236","CA10",14421,10693,26,3
"237","CA11",23408,25915,46,3
"238","CA12",7451,8425,13,1
"239","CA13",15240,17514,29,1
"240","CA14",35870,38388,34,2
"241","CA15",16133,13849,25,1
"242","CA16",6407,5027,10,1
"243","CA17",4926,6675,20,1
"244","CA2",40609,15849,20,1
"245","CA20",3171,5776,18,1
"246","CA22",8710,29346,33,2
"247","CA28",27851,21475,43,3
"248","CA4",9702,3562,7,1
"249","CA5",7230,5086,11,1
"250","CA6",9186,3552,10,1
"251","CA7",22745,27912,46,5
"252","CA8",10099,16570,27,1
"253","CA9",2081,2246,6,1
"254","CB1",53549,57034,114,6
"255","CB10",15142,10713,15,1
"256","CB11",19042,21982,32,2
"257","CB2",29687,56046,86,4
"258","CB22",25778,52079,78,2
"259","CB23",36052,39015,75,5
"260","CB24",36901,39880,66,6
"261","CB25",19054,20329,44,3
"262","CB3",18818,38257,44,2
"263","CB4",44345,48938,67,3
"264","CB5",13530,8301,25,2
"265","CB6",39737,36443,78,4
"266","CB7",28702,38006,56,2
"267","CB8",34600,38096,68,4
"268","CB9",33005,34797,47,2
"269","CH1",32962,58054,116,8
"270","CH2",35674,30512,38,3
"271","CH3",36541,16212,20,2
"272","CH4",34818,14829,19,2
"273","CH41",19607,53108,86,7
"274","CH42",32616,27194,44,3
"275","CH43",37830,27147,56,5
"276","CH44",29347,28072,42,4
"277","CH45",30179,31329,56,5
"278","CH46",25286,29618,56,6
"279","CH47",10819,7283,10,1
"280","CH48",14930,19430,29,1
"281","CH49",29568,39055,54,5
"282","CH60",13052,16618,25,1
"283","CH62",30310,34885,54,4
"284","CH63",29359,25524,46,5
"285","CH64",19185,21114,26,3
"286","CH65",30570,36780,64,4
"287","CH66",35918,33109,36,2
"288","CM0",17900,20626,27,3
"289","CM1",69427,68413,104,5
"290","CM11",19059,3192,5,1
"291","CM12",20661,38060,42,5
"292","CM13",25357,13060,18,1
"293","CM14",21391,12851,17,1
"294","CM15",23950,46245,51,5
"295","CM16",23929,26586,34,2
"296","CM17",25906,21932,35,2
"297","CM18",26013,41349,55,3
"298","CM2",61042,50769,79,5
"299","CM20",25928,38910,32,3
"300","CM21",11388,12815,22,2
"301","CM22",16134,16656,19,2
"302","CM23",43855,46302,54,3
"303","CM24",8715,11591,20,1
"304","CM3",56126,84393,89,7
"305","CM4",10413,11474,23,2
"306","CM5",11784,12382,20,1
"307","CM6",29985,34263,46,3
"308","CM7",50973,59659,65,5
"309","CM8",35665,35746,32,5
"310","CM9",35361,32624,62,3
"311","CO1",18035,47398,45,2
"312","CO10",50311,54192,65,5
"313","CO11",13965,10558,14,2
"314","CO12",23460,25040,26,3
"315","CO13",12827,7600,14,1
"316","CO14",7178,8341,11,1
"317","CO15",45001,68071,73,6
"318","CO16",26562,8027,6,1
"319","CO2",40911,47424,58,2
"320","CO3",32840,32010,35,3
"321","CO4",53273,36974,58,4
"322","CO5",29501,43303,65,4
"323","CO6",28977,14486,15,2
"324","CO7",35021,47765,72,5
"325","CO9",27821,25294,33,2
"326","CR0",170304,148640,180,18
"327","CR2",50362,59511,110,7
"328","CR3",31017,22639,39,2
"329","CR4",64887,58759,88,7
"330","CR5",31963,20012,18,2
"331","CR6",10322,25614,49,2
"332","CR7",46951,83278,127,11
"333","CR8",33370,40024,49,2
"334","CT1",32129,38214,41,3
"335","CT10",25161,21468,19,3
"336","CT11",29972,38007,56,3
"337","CT12",19072,22182,27,3
"338","CT13",8511,12514,17,1
"339","CT14",35532,35562,59,4
"340","CT15",13361,5204,8,1
"341","CT16",21094,41317,38,4
"342","CT17",22278,9146,8,1
"343","CT18",14893,7269,9,2
"344","CT19",28300,21698,31,2
"345","CT2",32331,31292,34,2
"346","CT20",23772,35201,40,4
"347","CT21",17597,17016,20,2
"348","CT3",20655,12669,19,2
"349","CT4",17187,39425,55,3
"350","CT5",33165,41745,58,1
"351","CT6",40490,41506,50,2
"352","CT7",12129,12899,16,1
"353","CT8",7903,10621,11,1
"354","CT9",46355,47046,60,3
"355","CV1",35938,59663,60,10
"356","CV10",56443,27599,34,5
"357","CV11",41423,62217,82,8
"358","CV12",32098,38679,50,5
"359","CV2",68128,82739,72,9
"360","CV21",40175,92412,116,8
"361","CV22",39801,8114,10,1
"362","CV23",27656,11792,26,2
"363","CV3",70203,81348,93,10
"364","CV31",34419,38912,51,4
"365","CV32",32914,31509,52,3
"366","CV33",8379,5908,10,1
"367","CV34",35670,45860,65,4
"368","CV35",26869,24185,47,3
"369","CV36",10446,11793,19,1
"370","CV37",45606,51326,75,4
"371","CV4",37316,29036,38,4
"372","CV47",20172,21456,40,3
"373","CV5",47083,34791,35,4
"374","CV6",94111,141453,153,13
"375","CV7",29308,22853,40,2
"376","CV8",31272,31294,41,3
"377","CV9",22695,20665,19,2
"378","CW1",44804,77638,79,5
"379","CW10",15609,15899,23,2
"380","CW11",27046,26860,34,1
"381","CW12",33378,34055,40,3
"382","CW2",44045,19175,22,1
"383","CW3",9624,14392,21,3
"384","CW4",10867,12835,18,1
"385","CW5",33192,30124,42,4
"386","CW6",13616,24860,37,4
"387","CW7",34565,36974,52,5
"388","CW8",40289,26410,28,3
"389","CW9",35219,47835,69,4
"390","DA1",65369,88662,99,9
"391","DA11",41402,61367,76,4
"392","DA12",49484,31847,35,4
"393","DA13",14332,26677,21,2
"394","DA14",23138,34539,26,2
"395","DA15",29748,20264,26,2
"396","DA16",37486,50587,52,5
"397","DA17",19413,17561,12,1
"398","DA2",24260,30602,27,1
"399","DA3",17119,15809,27,1
"400","DA4",9428,12485,16,2
"401","DA5",21268,7172,12,1
"402","DA6",11057,14923,23,1
"403","DA7",36100,40417,48,4
"404","DA8",38275,36128,28,3
"405","DE1",16419,66734,90,6
"406","DE11",46765,57351,64,5
"407","DE12",22087,15163,20,1
"408","DE13",43275,42659,62,5
"409","DE14",35361,46042,52,5
"410","DE15",25010,23825,33,3
"411","DE21",57647,53655,67,3
"412","DE22",48751,23686,29,3
"413","DE23",66788,95225,133,7
"414","DE24",59999,28688,39,3
"415","DE3",18647,18297,28,2
"416","DE4",34141,41011,76,5
"417","DE45",8047,13807,26,2
"418","DE5",22493,16168,34,2
"419","DE55",54108,71789,118,7
"420","DE56",39397,36890,50,3
"421","DE6",26620,32075,46,4
"422","DE65",24508,20623,23,2
"423","DE7",51203,60321,104,8
"424","DE72",20451,10990,23,1
"425","DE73",20930,31180,40,2
"426","DE74",12927,18751,27,2
"427","DE75",18655,26082,33,3
"428","DH1",52550,56710,74,4
"429","DH2",30462,26071,51,3
"430","DH3",26738,38424,64,4
"431","DH4",35003,44248,71,6
"432","DH5",21235,11588,22,1
"433","DH6",35115,28521,39,5
"434","DH7",42740,59674,80,6
"435","DH8",39859,38711,56,3
"436","DH9",37251,31641,50,4
"437","DL1",47914,41186,60,4
"438","DL10",17998,21713,41,4
"439","DL11",4847,4858,10,2
"440","DL12",12362,13472,27,2
"441","DL13",13578,12703,26,3
"442","DL14",37650,40249,72,4
"443","DL15",23077,22687,36,2
"444","DL16",22357,23378,26,2
"445","DL17",17980,17740,32,2
"446","DL2",18752,14996,25,3
"447","DL3",43258,58066,93,5
"448","DL4",10100,5586,11,1
"449","DL5",29491,36731,57,3
"450","DL7",15669,30261,49,2
"451","DL8",18653,20010,51,3
"452","DL9",14598,7787,22,1
"453","DN1",9720,83634,102,7
"454","DN10",12593,11280,25,2
"455","DN11",29658,21298,35,3
"456","DN12",24468,27074,33,5
"457","DN14",48962,44811,57,4
"458","DN15",37208,39679,54,5
"459","DN16",32771,55077,62,4
"460","DN17",36776,19383,24,2
"461","DN18",12772,20068,25,2
"462","DN2",24668,10737,6,1
"463","DN20",19197,22813,36,3
"464","DN21",39038,38875,50,4
"465","DN22",37404,47776,56,4
"466","DN3",30173,15885,24,2
"467","DN31",9315,35182,50,8
"468","DN32",28067,7969,29,4
"469","DN33",20383,13361,20,1
"470","DN34",19127,42551,37,5
"471","DN35",32616,37058,37,5
"472","DN36",20537,9379,14,1
"473","DN38",2885,3008,3,1
"474","DN4",55574,29369,48,3
"475","DN40",12435,34453,44,2
"476","DN41",6606,2417,4,1
"477","DN5",40265,41712,53,6
"478","DN6",30952,32831,37,3
"479","DN7",24239,25074,27,3
"480","DN8",18395,19428,17,2
"481","DN9",21660,14904,18,1
"482","DT1",21364,34020,58,5
"483","DT10",12047,26545,36,1
"484","DT11",30237,28215,43,2
"485","DT2",25912,8350,12,2
"486","DT3",24759,3061,23,1
"487","DT4",37399,64303,103,5
"488","DT5",13558,12474,15,1
"489","DT6",21781,24583,22,1
"490","DT7",5568,9072,7,1
"491","DT8",6065,5302,14,1
"492","DT9",22329,30050,46,4
"493","DY1",35229,49333,51,8
"494","DY10",37000,40988,65,4
"495","DY11",32221,31553,36,3
"496","DY12",12113,15579,22,1
"497","DY13",22918,21198,30,1
"498","DY14",8662,7129,8,1
"499","DY2",36281,23332,34,5
"500","DY3",34909,36317,47,5
"501","DY4",48224,54369,69,6
"502","DY5",42705,40592,62,6
"503","DY6",28847,39837,51,4
"504","DY8",50930,50951,69,3
"505","DY9",31648,49073,73,6
"506","E1",78961,106269,130,8
"507","E10",47365,65066,67,7
"508","E11",56041,81573,82,11
"509","E12",42759,55570,61,7
"510","E13",51756,83047,97,11
"511","E14",108214,127091,171,9
"512","E15",58450,69601,78,6
"513","E16",61514,55122,56,4
"514","E17",113053,123628,128,15
"515","E18",20625,31983,41,5
"516","E1W",14644,13924,24,2
"517","E2",50134,62885,75,5
"518","E20",9677,18347,26,1
"519","E3",67713,60631,109,8
"520","E4",66495,70679,89,8
"521","E5",49018,48867,80,6
"522","E6",84299,82428,80,7
"523","E7",53871,81469,101,11
"524","E8",42334,49389,83,6
"525","E9",40992,60071,93,8
"526","EC1A",1282,10328,17,1
"527","EC1R",4904,18837,26,2
"528","EC1V",15298,9132,24,1
"529","EN1",47936,24473,48,2
"530","EN10",18059,23363,31,2
"531","EN11",22483,31379,56,3
"532","EN2",31275,11122,10,2
"533","EN3",61338,32492,39,3
"534","EN4",27679,23581,33,3
"535","EN5",39898,36998,45,4
"536","EN6",30308,43389,76,4
"537","EN7",21931,19371,18,2
"538","EN8",39368,32366,43,4
"539","EN9",25310,22732,13,2
"540","EX1",27669,66094,111,8
"541","EX10",17692,14451,33,1
"542","EX11",9577,16787,26,1
"543","EX12",9854,14454,27,2
"544","EX13",13580,12366,20,1
"545","EX14",22222,17582,29,1
"546","EX15",23819,31340,61,3
"547","EX16",33738,39005,113,4
"548","EX17",20542,22126,43,2
"549","EX18",3287,7158,16,1
"550","EX2",44912,14374,33,2
"551","EX20",22305,14643,31,1
"552","EX21",4649,3065,6,1
"553","EX22",11860,18157,30,2
"554","EX23",16658,16776,41,2
"555","EX3",4935,11306,20,1
"556","EX31",28411,7527,12,1
"557","EX32",24250,44230,81,3
"558","EX33",10293,12691,22,1
"559","EX34",16608,18622,32,1
"560","EX35",1632,2478,6,1
"561","EX36",10045,12318,20,1
"562","EX38",8421,12058,29,2
"563","EX39",39461,40280,72,4
"564","EX4",60690,67391,118,5
"565","EX5",26350,12408,25,3
"566","EX6",14975,14339,24,2
"567","EX7",14638,14699,19,1
"568","EX8",38437,38887,85,5
"569","EX9",6970,8436,15,1
"570","FY1",34436,48503,76,7
"571","FY2",24079,28255,27,2
"572","FY3",31870,28646,25,3
"573","FY4",44476,49637,51,5
"574","FY5",44717,44470,48,5
"575","FY6",28814,28880,28,3
"576","FY7",26226,28611,28,3
"577","FY8",45113,52630,73,6
"578","GL1",38885,65265,108,6
"579","GL10",15858,14154,22,3
"580","GL11",19337,20195,41,3
"581","GL12",16184,21285,42,2
"582","GL14",15946,17678,27,3
"583","GL15",22254,23067,49,4
"584","GL16",14198,13324,23,2
"585","GL17",11734,10830,20,2
"586","GL18",8726,11323,16,1
"587","GL19",9685,6645,11,1
"588","GL2",61900,69462,87,5
"589","GL20",29491,32355,58,3
"590","GL3",34869,33181,65,3
"591","GL4",48629,18791,26,1
"592","GL5",31351,35380,57,4
"593","GL50",22178,93098,165,9
"594","GL51",53178,4604,19,1
"595","GL52",49220,43899,76,4
"596","GL53",21142,13497,19,1
"597","GL54",24779,25101,44,3
"598","GL55",5809,5218,12,1
"599","GL56",10048,10117,14,2
"600","GL6",24772,28617,51,4
"601","GL7",45503,61347,101,5
"602","GU1",31811,31601,53,3
"603","GU10",24231,28647,51,4
"604","GU11",27169,36687,57,3
"605","GU12",32491,10148,19,1
"606","GU14",57225,60482,100,6
"607","GU15",36131,42798,69,3
"608","GU16",24136,35289,63,2
"609","GU17",11948,28858,29,1
"610","GU18",6609,13050,14,1
"611","GU19",6122,6802,14,1
"612","GU2",35831,38026,47,2
"613","GU21",50863,27127,49,3
"614","GU22",36599,63935,87,6
"615","GU23",6896,8145,14,1
"616","GU24",20412,16363,24,2
"617","GU25",5839,5187,5,1
"618","GU26",7763,12044,26,1
"619","GU27",18096,18963,25,1
"620","GU28",6894,6037,11,1
"621","GU29",9921,12921,20,1
"622","GU3",11466,13587,23,1
"623","GU30",10555,11308,8,1
"624","GU31",11658,7610,15,1
"625","GU32",12266,24037,54,2
"626","GU33",8412,4130,9,1
"627","GU34",33557,36523,74,4
"628","GU35",24133,19017,24,2
"629","GU4",16121,12205,17,1
"630","GU47",18996,18962,17,1
"631","GU5",10809,18632,38,2
"632","GU51",25130,28462,49,2
"633","GU52",18842,14614,8,1
"634","GU6",15895,17133,24,1
"635","GU7",24585,27099,43,2
"636","GU8",17657,23323,55,4
"637","GU9",31883,30256,53,2
"638","HA0",56754,77379,64,10
"639","HA1",45038,48714,55,8
"640","HA2",60060,78240,124,8
"641","HA3",75783,82763,91,11
"642","HA4",53095,53859,80,10
"643","HA5",47084,49071,73,5
"644","HA6",23468,32936,42,4
"645","HA7",39337,28679,37,2
"646","HA8",71824,103353,130,11
"647","HA9",58681,97234,69,10
"648","HD1",24516,54815,76,13
"649","HD2",30012,32601,32,5
"650","HD3",31884,27116,39,4
"651","HD4",30027,10080,14,2
"652","HD5",30735,28748,33,4
"653","HD6",26539,29063,34,4
"654","HD7",22784,25338,34,3
"655","HD8",33667,35253,54,5
"656","HD9",35884,39189,63,4
"657","HG1",34360,60986,107,5
"658","HG2",32723,21378,31,2
"659","HG3",29388,10624,24,1
"660","HG4",25955,29646,58,4
"661","HG5",18703,27454,44,3
"662","HP1",26280,17831,30,1
"663","HP10",19366,24873,45,2
"664","HP11",17273,33262,43,3
"665","HP12",23283,20142,32,2
"666","HP13",45994,40118,68,4
"667","HP14",18001,19357,37,2
"668","HP15",17305,6874,11,1
"669","HP16",11722,7325,13,2
"670","HP17",10991,9006,12,1
"671","HP18",22535,5234,12,1
"672","HP19",27074,40937,59,3
"673","HP2",42424,48942,52,6
"674","HP20",16167,27315,41,2
"675","HP21",35099,15235,13,1
"676","HP22",30993,30871,54,1
"677","HP23",17994,40815,46,1
"678","HP27",13344,37123,52,2
"679","HP3",34801,33263,55,3
"680","HP4",24811,14929,15,2
"681","HP5",27008,29330,45,3
"682","HP6",15263,13768,25,1
"683","HP7",11067,15445,23,2
"684","HP9",17623,26206,44,2
"685","HR1",33618,76232,105,4
"686","HR2",38964,24860,51,4
"687","HR4",30828,6487,15,1
"688","HR5",4788,7295,14,1
"689","HR6",20962,27761,48,3
"690","HR7",7357,9556,20,1
"691","HR8",14141,13592,24,1
"692","HR9",21473,20050,34,2
"693","HU1",3539,4513,7,1
"694","HU10",19739,12832,18,2
"695","HU11",12157,3442,2,1
"696","HU13",15541,19177,18,3
"697","HU14",8549,1965,2,1
"698","HU15",25133,34425,61,2
"699","HU16",16098,7345,15,1
"700","HU17",43822,62696,81,5
"701","HU18",8975,12450,14,1
"702","HU19",6960,34906,36,1
"703","HU3",31150,63147,102,6
"704","HU4",23997,7555,10,1
"705","HU5",48848,91040,95,6
"706","HU6",36013,21228,20,3
"707","HU7",47875,52357,103,8
"708","HU8",34985,4841,28,1
"709","HU9",41932,58061,56,5
"710","HX1",25820,62500,61,5
"711","HX2",37097,28809,32,3
"712","HX3",45909,24336,30,2
"713","HX4",12028,11420,16,1
"714","HX5",10537,10604,11,1
"715","HX6",19174,20600,30,2
"716","HX7",12885,18654,21,1
"717","IG1",70976,87412,67,9
"718","IG10",33797,35178,52,3
"719","IG11",65311,78506,62,11
"720","IG2",31885,54840,51,7
"721","IG3",40296,48171,44,6
"722","IG4",10573,3834,4,1
"723","IG5",18328,14123,15,2
"724","IG6",32201,33224,34,4
"725","IG7",23633,19812,26,2
"726","IG8",38067,16867,18,2
"727","IG9",13255,16914,27,3
"728","IP1",40663,79602,82,4
"729","IP11",30181,33585,55,3
"730","IP12",25515,27575,45,3
"731","IP13",19626,19734,26,2
"732","IP14",41746,47090,74,4
"733","IP16",6830,9113,16,1
"734","IP17",12373,9523,15,1
"735","IP18",3840,5359,8,1
"736","IP19",10319,10501,15,1
"737","IP2",32670,9760,18,1
"738","IP20",8398,7949,8,1
"739","IP21",11423,10571,10,2
"740","IP22",22921,24797,37,3
"741","IP23",7562,6170,5,1
"742","IP24",28971,30764,59,3
"743","IP25",21474,18186,33,2
"744","IP26",9643,5334,7,1
"745","IP27",20511,18258,46,3
"746","IP28",29813,22248,35,2
"747","IP3",35738,43992,53,3
"748","IP30",14647,14842,22,1
"749","IP31",21303,14217,21,2
"750","IP32",18031,14538,17,1
"751","IP33",23892,49846,80,4
"752","IP4",38346,48525,59,4
"753","IP5",19674,13217,22,2
"754","IP6",17921,14189,22,1
"755","IP7",17026,22873,34,2
"756","IP9",11663,7993,15,1
"757","KT1",23628,9536,12,1
"758","KT10",21682,30460,56,4
"759","KT11",15893,13663,20,1
"760","KT12",39937,43401,62,6
"761","KT13",22788,25091,33,2
"762","KT14",13856,30340,52,3
"763","KT15",30173,16938,25,1
"764","KT16",20259,26458,40,2
"765","KT17",25655,54580,83,4
"766","KT18",17686,17158,22,2
"767","KT19",37848,14578,15,1
"768","KT2",33505,77316,116,5
"769","KT20",21640,21573,40,2
"770","KT21",14016,6240,14,1
"771","KT22",24918,34392,68,3
"772","KT23",11319,18543,33,2
"773","KT24",9132,10360,14,1
"774","KT3",40360,47849,85,5
"775","KT4",29921,22152,27,2
"776","KT5",21087,5068,9,1
"777","KT6",32921,49182,91,6
"778","KT7",10726,5360,5,1
"779","KT8",20964,27596,48,2
"780","KT9",21792,23507,44,3
"781","L1",11570,6500,8,1
"782","L11",29577,32252,46,5
"783","L12",30656,21436,27,3
"784","L13",29865,31637,67,5
"785","L14",27674,16893,31,4
"786","L15",29977,33242,42,4
"787","L16",14672,3066,4,1
"788","L17",22910,26045,31,4
"789","L18",26123,19388,32,4
"790","L19",24634,27010,58,4
"791","L20",34488,40612,59,7
"792","L21",24954,25792,40,6
"793","L22",13755,21353,27,3
"794","L23",30463,24254,42,5
"795","L24",17385,16922,34,4
"796","L25",34045,45366,77,7
"797","L26",15321,13479,18,3
"798","L27",6728,3710,8,1
"799","L28",6669,8771,14,1
"800","L3",20614,8248,21,1
"801","L30",19946,10273,13,2
"802","L31",30752,28117,38,4
"803","L32",21032,29485,27,4
"804","L33",19177,22902,25,2
"805","L34",13814,14329,19,2
"806","L35",30554,19416,27,4
"807","L36",42128,71258,63,11
"808","L37",23345,25750,38,3
"809","L38",2469,1969,8,1
"810","L39",31350,29082,29,4
"811","L4",40653,21499,28,6
"812","L40",19363,12638,17,3
"813","L5",14569,23997,32,4
"814","L6",24757,51675,71,9
"815","L69",NA,50456,63,1
"816","L7",21614,47629,65,7
"817","L8",35300,26300,60,4
"818","L9",31884,61185,82,8
"819","LA1",55994,81404,96,2
"820","LA10",3825,4496,9,1
"821","LA11",9945,10716,26,2
"822","LA12",20203,18666,27,3
"823","LA13",19104,14037,20,2
"824","LA14",36957,46185,68,7
"825","LA15",7655,8786,16,1
"826","LA17",1205,4755,5,1
"827","LA18",8301,8065,14,1
"828","LA2",22618,7318,12,1
"829","LA21",1017,1027,4,1
"830","LA22",4890,6199,21,1
"831","LA23",8307,11652,26,2
"832","LA3",25122,54096,68,1
"833","LA5",16243,25185,37,1
"834","LA6",13193,6498,15,1
"835","LA7",5056,6161,8,1
"836","LA9",31835,38327,68,3
"837","LE1",18755,7813,27,4
"838","LE10",53121,49719,60,5
"839","LE11",65654,76279,109,7
"840","LE12",69394,87698,109,11
"841","LE13",27626,35893,50,1
"842","LE14",18115,7114,14,1
"843","LE15",36049,41527,77,4
"844","LE16",38312,26782,33,1
"845","LE17",23635,21650,52,3
"846","LE18",33755,31522,55,3
"847","LE19",16442,21556,25,3
"848","LE2",123106,161972,241,21
"849","LE3",109981,121223,164,16
"850","LE4",108997,92200,109,13
"851","LE5",99623,144067,168,15
"852","LE6",12048,7958,17,2
"853","LE65",16942,17541,19,1
"854","LE67",64811,64111,93,8
"855","LE7",51247,39898,55,4
"856","LE8",40677,55492,64,4
"857","LE9",59982,64833,74,6
"858","LN1",32318,31595,41,5
"859","LN10",6204,9931,26,2
"860","LN11",29609,33833,43,3
"861","LN12",13394,14598,11,1
"862","LN13",8222,7524,13,1
"863","LN2",42226,54441,85,6
"864","LN4",40575,37742,47,6
"865","LN5",36425,36303,49,4
"866","LN6",64678,63761,55,6
"867","LN7",6429,5186,6,1
"868","LN8",17690,16655,35,3
"869","LN9",10180,9549,15,1
"870","LS1",4476,14701,27,1
"871","LS10",40068,32721,45,5
"872","LS11",39904,46149,51,4
"873","LS12",44185,49955,74,5
"874","LS13",37065,30671,33,3
"875","LS14",39005,29813,54,4
"876","LS15",35941,29825,40,4
"877","LS16",37651,34537,50,2
"878","LS17",44911,45370,60,3
"879","LS19",20394,30907,55,3
"880","LS2",11904,44802,39,1
"881","LS20",13231,10920,6,1
"882","LS21",18548,24695,37,2
"883","LS22",16824,25777,60,3
"884","LS23",9842,10050,23,2
"885","LS24",12392,9013,13,1
"886","LS25",43442,63032,86,6
"887","LS26",31354,43146,42,2
"888","LS27",38284,43777,57,5
"889","LS28",41653,57019,69,6
"890","LS29",32860,33004,65,4
"891","LS4",9401,12849,21,1
"892","LS5",8441,15186,22,2
"893","LS6",49788,77730,116,7
"894","LS7",31823,37125,61,5
"895","LS8",51625,49153,73,7
"896","LS9",43563,60594,106,7
"897","LU1",50512,99186,96,7
"898","LU2",61617,26886,25,4
"899","LU3",65911,72118,68,8
"900","LU4",57733,67902,77,9
"901","LU5",42083,32589,34,4
"902","LU6",34490,45748,49,4
"903","LU7",61416,74322,94,5
"904","M1",11795,23229,20,2
"905","M11",24400,48888,58,7
"906","M12",19434,19908,28,3
"907","M13",24285,50370,61,6
"908","M14",56704,80804,126,8
"909","M15",26213,33777,42,2
"910","M16",37780,39766,72,6
"911","M18",26796,16978,25,2
"912","M19",37405,30331,46,4
"913","M20",49771,63146,97,6
"914","M21",29029,35800,42,3
"915","M22",45590,50664,89,6
"916","M23",32753,36548,58,6
"917","M24",50667,57274,77,9
"918","M25",32876,40266,45,6
"919","M26",37121,23140,28,3
"920","M27",43108,47122,80,4
"921","M28",43560,63435,117,10
"922","M29",24135,26705,37,6
"923","M3",16345,13913,5,1
"924","M30",40464,35668,38,3
"925","M31",8176,9058,16,2
"926","M32",29500,37151,47,3
"927","M33",61924,64106,102,6
"928","M34",47766,33571,35,3
"929","M35",21455,22998,27,3
"930","M38",15089,6383,11,2
"931","M4",17700,21562,29,2
"932","M40",46245,43157,51,7
"933","M41",41725,44468,59,5
"934","M43",23934,18164,31,3
"935","M44",19920,23025,38,3
"936","M45",23294,13844,15,2
"937","M46",23419,20076,22,4
"938","M5",21198,14005,10,2
"939","M6",36225,65118,108,9
"940","M7",36005,36645,51,5
"941","M8",36234,53277,65,6
"942","M9",44328,53427,80,10
"943","ME1",33830,38970,63,5
"944","ME10",52609,61109,71,6
"945","ME12",42961,47175,43,6
"946","ME13",28942,31961,44,2
"947","ME14",34287,35654,41,3
"948","ME15",53310,49131,53,4
"949","ME16",34416,32788,48,3
"950","ME17",26916,34989,57,4
"951","ME18",7110,15081,27,2
"952","ME19",25616,21260,23,1
"953","ME2",42823,33617,43,5
"954","ME20",21776,21137,43,2
"955","ME3",30241,36897,46,3
"956","ME4",33501,44315,42,5
"957","ME5",52166,68930,72,6
"958","ME6",11844,12077,16,1
"959","ME7",53393,45132,59,7
"960","ME8",50824,46591,53,10
"961","ME9",23659,9684,12,2
"962","MK10",24473,33128,22,2
"963","MK11",10384,18405,40,2
"964","MK12",14487,16062,14,1
"965","MK13",19241,19513,19,1
"966","MK14",21324,22581,37,3
"967","MK15",6883,11411,14,1
"968","MK16",19113,27089,40,2
"969","MK17",20356,12149,12,1
"970","MK18",34665,30518,37,1
"971","MK2",17135,35433,30,3
"972","MK3",27840,32288,41,2
"973","MK4",24643,15170,17,1
"974","MK40",39401,87199,96,7
"975","MK41",43720,24534,39,2
"976","MK42",56441,55098,63,4
"977","MK43",42493,26338,29,3
"978","MK44",16537,11088,18,2
"979","MK45",49442,55440,72,5
"980","MK46",9391,8375,10,1
"981","MK5",15845,12270,7,1
"982","MK6",29608,26603,26,3
"983","MK7",14790,12079,13,1
"984","MK8",15255,21233,28,2
"985","N1",93853,147130,213,15
"986","N10",27484,31127,45,3
"987","N11",31397,44188,59,4
"988","N12",30696,23581,41,2
"989","N13",33667,31608,21,3
"990","N14",31422,17932,28,2
"991","N15",48426,95911,92,10
"992","N16",68429,105424,189,13
"993","N17",68813,55212,72,7
"994","N18",34387,27933,13,4
"995","N19",35005,50488,60,6
"996","N2",24617,21194,28,3
"997","N20",20114,26072,43,3
"998","N21",24264,42321,44,3
"999","N22",43559,51678,53,7
"1000","N3",26762,46425,60,8
"1001","N4",53182,51960,68,6
"1002","N5",25724,19443,19,2
"1003","N6",18255,16743,29,1
"1004","N7",50828,57022,80,8
"1005","N8",40057,54170,64,6
"1006","N9",53045,153252,163,10
"1007","NE1",13352,57764,54,2
"1008","NE10",34211,29606,49,4
"1009","NE11",15970,9161,24,1
"1010","NE12",36636,35804,71,4
"1011","NE13",20156,13344,20,2
"1012","NE15",33906,24017,42,3
"1013","NE16",24720,25203,41,3
"1014","NE17",4563,9964,15,2
"1015","NE2",32652,15686,24,2
"1016","NE20",12581,18590,35,2
"1017","NE21",17695,23820,42,4
"1018","NE22",17946,18402,36,2
"1019","NE23",39517,27683,55,4
"1020","NE24",40360,39366,64,2
"1021","NE25",30385,19728,36,3
"1022","NE26",19167,31263,52,4
"1023","NE27",16348,14105,24,2
"1024","NE28",46557,41074,88,4
"1025","NE29",35744,56595,102,5
"1026","NE3",52925,55687,93,7
"1027","NE31",22945,20645,28,3
"1028","NE32",24425,21124,31,4
"1029","NE33",25942,51081,62,7
"1030","NE34",51674,46045,68,4
"1031","NE35",6276,14498,20,2
"1032","NE37",19826,25198,37,3
"1033","NE38",31617,29557,49,4
"1034","NE39",8610,6009,7,1
"1035","NE4",42300,71906,131,7
"1036","NE40",15634,10919,33,2
"1037","NE42",12460,14962,31,3
"1038","NE43",4445,5400,9,1
"1039","NE45",3583,7007,13,1
"1040","NE46",15053,19603,36,3
"1041","NE47",7667,5409,13,1
"1042","NE48",4132,3417,8,1
"1043","NE49",4222,5589,14,1
"1044","NE5",50069,39263,72,4
"1045","NE6",50709,63827,117,6
"1046","NE61",34044,72788,102,5
"1047","NE62",9052,8051,20,1
"1048","NE63",28239,18925,30,1
"1049","NE65",21558,19677,40,3
"1050","NE66",17588,18873,21,1
"1051","NE7",14867,16032,27,2
"1052","NE70",1779,4477,10,1
"1053","NE71",2944,4663,15,2
"1054","NE8",32421,60629,111,9
"1055","NE9",36821,31688,54,4
"1056","NG1",16562,18024,41,2
"1057","NG10",47420,50619,73,6
"1058","NG11",39041,37659,57,5
"1059","NG12",35767,8191,12,1
"1060","NG13",23224,39902,66,3
"1061","NG14",19983,16801,33,2
"1062","NG15",45726,37658,39,4
"1063","NG16",64116,46353,57,6
"1064","NG17",75325,82076,96,11
"1065","NG18",45052,61369,75,7
"1066","NG19",54389,47988,72,4
"1067","NG2",60395,70600,105,8
"1068","NG20",27911,26686,33,3
"1069","NG21",24583,33228,37,4
"1070","NG22",28040,21824,37,3
"1071","NG23",18103,18272,29,3
"1072","NG24",48282,53467,58,4
"1073","NG25",9165,12451,15,1
"1074","NG3",52095,53452,73,7
"1075","NG31",47362,50522,58,5
"1076","NG32",13160,13317,25,2
"1077","NG33",9741,10886,27,3
"1078","NG34",43536,42906,39,4
"1079","NG4",40836,38709,55,4
"1080","NG5",89787,90898,136,12
"1081","NG6",38820,39915,60,6
"1082","NG7",62856,120876,126,11
"1083","NG8",67062,70415,105,10
"1084","NG9",73708,69929,128,8
"1085","NN1",35013,64374,71,6
"1086","NN10",41557,42526,54,4
"1087","NN11",41581,42319,65,3
"1088","NN12",26494,19006,21,2
"1089","NN13",21978,27462,28,2
"1090","NN14",46878,38478,51,4
"1091","NN15",41688,40371,51,3
"1092","NN16",32247,45376,73,3
"1093","NN17",33524,55870,77,3
"1094","NN18",40310,28012,45,2
"1095","NN2",42095,62427,82,6
"1096","NN29",11812,9408,15,2
"1097","NN3",78057,80976,94,8
"1098","NN4",52646,35610,48,3
"1099","NN5",45309,21839,27,1
"1100","NN6",37473,37737,51,4
"1101","NN7",30086,53056,78,4
"1102","NN8",54816,67595,92,4
"1103","NN9",29037,25608,39,4
"1104","NR1",28988,30953,55,3
"1105","NR11",19182,28739,45,4
"1106","NR12",21362,26297,50,3
"1107","NR13",28677,25276,45,3
"1108","NR14",27394,27500,49,3
"1109","NR15",16097,11223,19,1
"1110","NR16",12733,8667,19,1
"1111","NR17",17957,18689,22,1
"1112","NR18",21251,26312,49,2
"1113","NR19",20587,23628,43,3
"1114","NR2",27053,39001,62,4
"1115","NR20",20310,18474,32,2
"1116","NR21",16472,15509,33,1
"1117","NR23",3051,3245,12,1
"1118","NR25",8740,14186,21,1
"1119","NR26",8193,9576,18,1
"1120","NR27",11647,12376,18,1
"1121","NR28",17757,18448,35,2
"1122","NR29",21066,25484,46,3
"1123","NR3",34509,62071,105,6
"1124","NR30",31259,38780,53,2
"1125","NR31",50861,50927,58,3
"1126","NR32",40375,39776,43,3
"1127","NR33",39218,45933,75,5
"1128","NR34",22257,19662,26,1
"1129","NR35",11091,11379,25,1
"1130","NR4",25354,42200,70,2
"1131","NR5",32240,33582,70,3
"1132","NR6",24698,18177,23,2
"1133","NR7",34845,28737,33,2
"1134","NR8",22766,26496,40,2
"1135","NR9",19369,6820,14,1
"1136","NW1",55725,49556,87,9
"1137","NW10",95126,95361,118,11
"1138","NW11",33713,45214,61,6
"1139","NW2",70428,86228,91,12
"1140","NW3",49336,71628,113,6
"1141","NW4",34096,32687,41,4
"1142","NW5",30259,62349,130,5
"1143","NW6",66446,86467,98,7
"1144","NW7",28645,37507,51,3
"1145","NW8",32802,47087,56,4
"1146","NW9",78315,81093,102,10
"1147","OL1",25455,36329,64,10
"1148","OL10",29666,32893,50,5
"1149","OL11",48289,53445,69,8
"1150","OL12",47427,45984,51,5
"1151","OL13",16577,14760,23,1
"1152","OL14",15881,16238,24,2
"1153","OL15",14649,20535,36,4
"1154","OL16",40561,38830,44,6
"1155","OL2",41111,40533,59,4
"1156","OL3",15376,14022,16,1
"1157","OL4",47559,56222,67,8
"1158","OL5",11591,16533,25,3
"1159","OL6",30746,41473,52,5
"1160","OL7",18127,15590,24,3
"1161","OL8",46579,28022,64,6
"1162","OL9",43990,51639,60,7
"1163","OX1",27136,36896,74,5
"1164","OX10",28489,28475,51,3
"1165","OX11",44502,45912,60,3
"1166","OX12",29247,32191,44,2
"1167","OX14",45921,60656,96,5
"1168","OX15",21698,23538,39,3
"1169","OX16",52329,69048,84,4
"1170","OX17",18647,4478,11,1
"1171","OX18",27607,27409,45,3
"1172","OX2",41413,64300,84,5
"1173","OX20",5384,9282,15,1
"1174","OX26",38088,53237,75,3
"1175","OX28",28309,39064,73,3
"1176","OX29",26942,15168,38,1
"1177","OX3",47650,48094,72,2
"1178","OX33",7894,11153,23,1
"1179","OX4",66905,87411,161,8
"1180","OX49",4204,7136,15,1
"1181","OX5",24117,26685,38,3
"1182","OX7",24639,27412,47,3
"1183","OX9",16011,12869,22,1
"1184","PE1",56750,77742,66,4
"1185","PE10",25576,25470,48,2
"1186","PE11",47174,50694,39,4
"1187","PE12",41880,37136,43,4
"1188","PE13",38051,50558,67,4
"1189","PE14",22503,16924,16,2
"1190","PE15",31568,36477,51,4
"1191","PE16",11163,12179,21,1
"1192","PE19",46797,51056,85,5
"1193","PE2",53616,25337,35,3
"1194","PE20",15543,19902,21,3
"1195","PE21",47026,59267,61,4
"1196","PE22",17143,14248,21,2
"1197","PE23",8929,7464,12,1
"1198","PE25",23145,37776,37,2
"1199","PE26",12021,7055,14,1
"1200","PE27",20656,39842,53,3
"1201","PE28",52394,34384,60,4
"1202","PE29",32483,37802,65,3
"1203","PE3",33378,17259,20,3
"1204","PE30",46719,71846,120,4
"1205","PE31",19528,12011,30,2
"1206","PE32",16251,15261,24,3
"1207","PE33",15758,10008,21,2
"1208","PE34",14906,6795,8,1
"1209","PE37",11834,21011,38,3
"1210","PE38",16547,20941,29,3
"1211","PE4",30344,13809,17,1
"1212","PE5",1540,4247,6,1
"1213","PE6",39581,116589,99,3
"1214","PE7",51043,48351,44,3
"1215","PE8",18725,19698,33,2
"1216","PE9",33295,29599,36,1
"1217","PL1",26332,25759,49,4
"1218","PL11",10307,11848,11,1
"1219","PL12",21801,23766,41,3
"1220","PL13",10064,9830,22,1
"1221","PL14",24840,26222,33,2
"1222","PL15",21403,19041,27,1
"1223","PL17",10307,16727,32,1
"1224","PL19",17014,27781,55,2
"1225","PL2",32327,41948,57,3
"1226","PL20",12388,7594,12,1
"1227","PL21",19079,4813,14,1
"1228","PL22",3865,5100,7,1
"1229","PL23",3150,8119,13,1
"1230","PL24",10534,6582,8,1
"1231","PL25",27666,31835,25,1
"1232","PL26",28257,23806,42,3
"1233","PL27",12511,7828,15,1
"1234","PL29",926,8848,12,1
"1235","PL3",31096,7970,8,1
"1236","PL31",16771,23399,33,2
"1237","PL32",4588,6460,8,2
"1238","PL35",985,4811,8,1
"1239","PL4",35312,45205,96,4
"1240","PL5",44006,84204,107,5
"1241","PL6",42828,26820,38,3
"1242","PL7",31340,42818,52,1
"1243","PL8",6130,6477,12,1
"1244","PL9",31091,25526,44,3
"1245","PO1",31461,40627,51,3
"1246","PO10",20280,24687,42,2
"1247","PO11",17390,18006,29,2
"1248","PO12",46366,54223,54,3
"1249","PO13",35702,29887,30,3
"1250","PO14",33652,12706,24,1
"1251","PO15",23064,47892,59,3
"1252","PO16",32537,35185,58,3
"1253","PO17",6965,13437,19,1
"1254","PO19",33528,48881,74,4
"1255","PO2",42522,73500,77,2
"1256","PO20",36182,41543,54,4
"1257","PO21",43414,44586,59,4
"1258","PO22",31977,27034,41,2
"1259","PO3",20604,22522,32,2
"1260","PO30",31257,33046,29,2
"1261","PO31",14852,15352,18,1
"1262","PO32",9147,8685,18,1
"1263","PO33",31045,35545,56,4
"1264","PO36",16584,27323,30,1
"1265","PO38",12332,14825,19,2
"1266","PO4",41272,13504,13,1
"1267","PO40",5706,11065,18,1
"1268","PO5",29391,51455,63,3
"1269","PO6",42520,28404,35,2
"1270","PO7",44179,37159,49,2
"1271","PO8",35752,34703,50,4
"1272","PO9",50906,54807,84,5
"1273","PR1",73467,111090,97,11
"1274","PR2",80048,66855,79,7
"1275","PR25",32716,37041,47,5
"1276","PR26",15650,14160,11,2
"1277","PR3",42034,47361,55,4
"1278","PR4",65417,45409,58,6
"1279","PR5",40633,38557,45,5
"1280","PR6",36207,37887,43,5
"1281","PR7",64116,67715,83,8
"1282","PR8",56153,57546,71,8
"1283","PR9",43925,43240,63,5
"1284","RG1",49233,55273,64,7
"1285","RG10",18786,20096,39,2
"1286","RG12",59266,79361,115,7
"1287","RG14",42335,49859,65,3
"1288","RG17",15472,23064,40,3
"1289","RG18",20020,18744,20,1
"1290","RG19",17328,10323,17,1
"1291","RG2",47277,68697,80,4
"1292","RG20",19902,29763,45,2
"1293","RG21",30628,47599,49,2
"1294","RG22",42414,50128,62,2
"1295","RG24",39326,29299,22,2
"1296","RG26",23400,27397,49,2
"1297","RG27",24225,18197,29,1
"1298","RG28",6418,9512,15,1
"1299","RG29",7064,12007,18,1
"1300","RG30",48859,56062,73,3
"1301","RG31",28736,20383,24,2
"1302","RG4",40917,42467,64,3
"1303","RG40",32242,45107,63,3
"1304","RG41",32107,14249,15,1
"1305","RG42",29381,21991,21,2
"1306","RG45",15419,8415,6,1
"1307","RG5",27826,27930,38,2
"1308","RG6",40124,46940,84,3
"1309","RG7",36324,45384,53,4
"1310","RG8",19354,22227,33,2
"1311","RG9",23698,24722,46,3
"1312","RH1",50436,56316,88,5
"1313","RH10",73959,111619,130,7
"1314","RH11",60281,59024,82,6
"1315","RH12",51991,74933,100,6
"1316","RH13",40063,14533,26,2
"1317","RH14",16936,20000,33,2
"1318","RH15",34156,29528,52,3
"1319","RH16",39232,44148,78,4
"1320","RH17",20486,20626,35,2
"1321","RH18",4476,9815,14,1
"1322","RH19",35193,15224,20,1
"1323","RH2",27631,21103,34,1
"1324","RH20",26481,26352,36,2
"1325","RH3",4228,12740,24,1
"1326","RH4",16427,23773,44,2
"1327","RH5",16249,7974,12,1
"1328","RH6",35061,31052,74,3
"1329","RH7",8866,10796,15,1
"1330","RH8",15852,16869,27,1
"1331","RH9",5649,6677,15,1
"1332","RM1",23049,51476,58,4
"1333","RM10",42394,48121,47,8
"1334","RM11",32650,19605,19,4
"1335","RM12",36032,49620,48,6
"1336","RM13",32562,18388,20,4
"1337","RM14",28044,27572,30,4
"1338","RM15",32232,33915,37,5
"1339","RM16",43963,32343,37,3
"1340","RM17",29933,48632,60,8
"1341","RM18",19772,37592,40,5
"1342","RM19",7356,6310,5,1
"1343","RM2",13842,9938,4,1
"1344","RM3",48053,60563,64,10
"1345","RM4",4568,4074,8,1
"1346","RM5",20835,20445,22,2
"1347","RM6",37986,35241,26,5
"1348","RM7",32686,18018,19,4
"1349","RM8",49883,71638,66,7
"1350","RM9",39849,34671,33,6
"1351","S1",10768,5148,12,1
"1352","S10",45915,25723,51,4
"1353","S11",34918,65316,89,7
"1354","S12",34202,29179,60,5
"1355","S13",31052,31937,44,3
"1356","S14",9724,8721,17,1
"1357","S17",16100,12578,23,1
"1358","S18",24764,20172,35,3
"1359","S2",46993,56844,110,8
"1360","S20",30196,27860,68,4
"1361","S21",20603,26081,41,3
"1362","S25",21337,20624,25,1
"1363","S26",26471,28034,46,2
"1364","S3",18473,73126,97,5
"1365","S32",5620,3441,13,1
"1366","S33",4608,5783,14,1
"1367","S35",40628,42358,91,5
"1368","S36",29000,36274,71,4
"1369","S4",14405,12851,33,2
"1370","S40",34693,78064,128,5
"1371","S41",36906,19550,32,2
"1372","S42",29814,14763,35,3
"1373","S43",41157,34638,66,4
"1374","S44",22409,18464,36,3
"1375","S45",14478,18364,30,3
"1376","S5",63442,48744,85,8
"1377","S6",58122,72559,134,9
"1378","S60",42125,44223,47,4
"1379","S61",34942,25736,33,4
"1380","S62",20085,18335,27,3
"1381","S63",42908,40359,64,5
"1382","S64",31902,35738,46,4
"1383","S65",35178,50456,65,5
"1384","S66",46292,44255,55,7
"1385","S7",17764,12999,20,1
"1386","S70",41437,64889,90,7
"1387","S71",47573,31996,36,6
"1388","S72",25925,22873,22,4
"1389","S73",29250,32394,39,3
"1390","S74",18058,25357,44,2
"1391","S75",44894,37461,44,4
"1392","S8",45951,53410,98,6
"1393","S80",30843,44487,73,4
"1394","S81",38656,31358,41,1
"1395","S9",29041,26884,62,4
"1396","SE1",73174,129638,149,6
"1397","SE10",40654,62508,79,6
"1398","SE11",23014,40709,106,3
"1399","SE12",28560,12347,22,2
"1400","SE13",46362,59136,107,6
"1401","SE14",27535,48119,68,5
"1402","SE15",65578,65298,118,8
"1403","SE16",53700,47955,79,5
"1404","SE17",35753,29461,50,3
"1405","SE18",84970,112195,124,13
"1406","SE19",28914,38629,58,3
"1407","SE2",28381,28973,30,3
"1408","SE20",24812,22146,23,4
"1409","SE21",15210,25818,44,3
"1410","SE22",30429,51049,88,6
"1411","SE23",34644,37290,77,3
"1412","SE24",18479,40172,80,4
"1413","SE25",36596,38093,45,5
"1414","SE26",30589,28433,46,2
"1415","SE27",22158,15843,23,2
"1416","SE28",30524,27182,28,2
"1417","SE3",34929,31118,51,3
"1418","SE4",28964,33883,21,3
"1419","SE5",50452,34979,52,5
"1420","SE6",57210,63295,64,6
"1421","SE7",23024,11805,16,1
"1422","SE8",33260,30702,46,3
"1423","SE9",67210,65572,66,5
"1424","SG1",55697,75674,95,4
"1425","SG10",2200,6727,5,1
"1426","SG11",8795,9110,23,1
"1427","SG12",30608,34626,44,2
"1428","SG14",20697,32135,36,3
"1429","SG15",6026,4720,5,1
"1430","SG16",6871,6306,9,1
"1431","SG17",14767,18203,24,1
"1432","SG18",30745,34847,41,2
"1433","SG19",25741,21284,29,2
"1434","SG2",43222,23951,27,2
"1435","SG3",7208,13228,19,1
"1436","SG4",30135,16767,26,2
"1437","SG5",35628,45405,73,4
"1438","SG6",34331,36521,54,4
"1439","SG7",13840,20937,31,2
"1440","SG8",40328,26629,34,3
"1441","SG9",12524,10729,11,1
"1442","SK1",12676,3181,2,1
"1443","SK10",40873,33890,39,1
"1444","SK11",37542,66261,116,8
"1445","SK13",33338,33090,48,5
"1446","SK14",50287,58800,71,7
"1447","SK15",28591,30146,43,5
"1448","SK16",19746,17656,29,3
"1449","SK17",30717,28501,46,4
"1450","SK2",30245,29340,46,4
"1451","SK22",12074,14686,23,2
"1452","SK23",18395,17912,24,2
"1453","SK3",28977,21417,32,2
"1454","SK4",35490,61321,91,3
"1455","SK5",31543,33781,56,4
"1456","SK6",51451,59077,108,10
"1457","SK7",41784,47384,80,5
"1458","SK8",61839,64266,107,7
"1459","SK9",39941,45521,69,5
"1460","SL0",11701,9058,14,1
"1461","SL1",78212,110563,121,10
"1462","SL2",59956,62781,104,7
"1463","SL3",50523,40765,44,3
"1464","SL4",45354,47255,69,4
"1465","SL5",24782,32056,64,4
"1466","SL6",84273,83949,123,10
"1467","SL7",21318,27533,51,1
"1468","SL9",22245,31104,55,3
"1469","SM1",43871,53908,71,5
"1470","SM2",31280,8814,11,1
"1471","SM3",22446,45308,62,4
"1472","SM4",39690,19107,32,3
"1473","SM5",41752,42383,44,5
"1474","SM6",40363,56073,76,7
"1475","SM7",18509,18996,29,2
"1476","SN1",36319,52809,66,5
"1477","SN10",32675,34790,73,6
"1478","SN11",24803,28458,35,2
"1479","SN12",28538,27592,51,2
"1480","SN13",17773,19254,46,2
"1481","SN14",27752,20343,45,2
"1482","SN15",37597,25271,39,2
"1483","SN16",14761,19846,30,2
"1484","SN2",45229,25151,29,2
"1485","SN25",44355,34735,51,2
"1486","SN3",55199,49651,97,5
"1487","SN4",29504,32588,50,3
"1488","SN5",35631,47730,69,5
"1489","SN6",22816,40256,59,3
"1490","SN7",15283,16813,28,1
"1491","SN8",24926,34855,53,4
"1492","SN9",8283,8074,8,1
"1493","SO14",30998,33385,64,3
"1494","SO15",44101,49844,90,6
"1495","SO16",70040,80596,142,7
"1496","SO17",19835,33278,41,3
"1497","SO18",37464,21838,20,2
"1498","SO19",58497,87239,130,5
"1499","SO20",8065,9165,16,1
"1500","SO21",20875,16765,30,2
"1501","SO22",31653,45663,59,2
"1502","SO23",23309,17322,31,1
"1503","SO24",11451,9989,24,1
"1504","SO30",33539,25403,29,2
"1505","SO31",48662,43809,65,3
"1506","SO32",23672,13477,15,1
"1507","SO40",41106,37274,56,2
"1508","SO41",31951,22924,38,2
"1509","SO42",4864,7840,17,1
"1510","SO43",4379,5535,12,1
"1511","SO45",34373,42025,60,3
"1512","SO50",51843,53220,85,5
"1513","SO51",30022,33725,45,2
"1514","SO52",7205,9784,20,1
"1515","SO53",32089,31375,45,2
"1516","SP1",22723,23877,38,1
"1517","SP10",39796,63791,105,5
"1518","SP11",35724,15548,19,1
"1519","SP2",30982,48652,93,3
"1520","SP3",11435,6580,12,2
"1521","SP4",38742,27577,55,3
"1522","SP5",22434,18105,32,3
"1523","SP6",14172,12392,27,1
"1524","SP8",14386,15009,24,2
"1525","SR1",5092,11638,18,2
"1526","SR2",32068,36651,53,5
"1527","SR3",38022,33910,65,5
"1528","SR4",41644,53386,89,8
"1529","SR5",34188,22330,35,3
"1530","SR6",29104,27984,37,4
"1531","SR7",30414,31234,58,4
"1532","SR8",34667,23611,36,2
"1533","SS0",42536,41670,59,5
"1534","SS1",28231,44737,47,6
"1535","SS12",18782,38499,49,3
"1536","SS13",22667,41018,41,7
"1537","SS14",29043,13028,20,3
"1538","SS15",33878,35758,44,4
"1539","SS16",32182,36661,30,4
"1540","SS17",33928,25309,40,5
"1541","SS2",39129,24710,47,7
"1542","SS3",29197,29653,23,4
"1543","SS4",22004,30063,27,3
"1544","SS5",22280,26969,32,3
"1545","SS6",32425,28972,34,3
"1546","SS7",50541,47712,63,7
"1547","SS8",38327,41872,35,6
"1548","SS9",50726,60210,82,6
"1549","ST1",32502,61004,76,6
"1550","ST10",25156,29343,50,6
"1551","ST11",9801,4734,8,1
"1552","ST13",27818,29378,42,3
"1553","ST14",21723,22420,27,3
"1554","ST15",22922,24834,34,2
"1555","ST16",33574,41551,48,4
"1556","ST17",38529,39750,49,3
"1557","ST18",18144,8024,8,1
"1558","ST19",15508,20958,34,2
"1559","ST2",35460,17214,22,3
"1560","ST20",7034,8320,9,1
"1561","ST21",6502,8388,10,1
"1562","ST3",68507,72652,96,10
"1563","ST4",57886,48345,73,7
"1564","ST5",82287,86620,123,11
"1565","ST6",67283,87801,112,10
"1566","ST7",55169,52319,74,7
"1567","ST8",19964,20717,33,2
"1568","ST9",12021,13668,18,2
"1569","SW10",17025,32546,41,3
"1570","SW11",81336,100775,193,11
"1571","SW12",32166,37911,49,5
"1572","SW13",15777,22571,31,2
"1573","SW14",17471,29390,44,2
"1574","SW15",63972,81338,128,8
"1575","SW16",85971,108406,168,13
"1576","SW17",64524,80364,130,5
"1577","SW18",65843,72293,112,6
"1578","SW19",80552,107336,143,11
"1579","SW1P",13042,10903,23,3
"1580","SW1V",21568,32407,33,2
"1581","SW1W",6889,22310,22,4
"1582","SW1X",4855,17453,11,1
"1583","SW2",55538,41820,45,3
"1584","SW20",30514,57093,95,3
"1585","SW3",19002,6476,15,2
"1586","SW4",41176,87321,144,7
"1587","SW5",13955,23294,25,4
"1588","SW6",65848,190335,162,10
"1589","SW7",15132,48242,59,5
"1590","SW8",38648,34381,65,4
"1591","SW9",48006,63732,103,7
"1592","SY1",28665,35988,44,3
"1593","SY10",15672,3789,8,1
"1594","SY11",27852,36151,43,3
"1595","SY12",8618,20769,23,1
"1596","SY14",7046,7572,11,1
"1597","SY2",18727,15789,27,2
"1598","SY3",34769,42626,64,6
"1599","SY4",26534,28484,47,4
"1600","SY5",22946,13154,20,2
"1601","SY6",6908,7349,15,1
"1602","SY7",10924,7076,17,2
"1603","SY8",18626,16421,27,2
"1604","SY9",2821,5532,10,1
"1605","TA1",42119,68168,102,5
"1606","TA10",10083,13642,13,1
"1607","TA11",10143,7523,14,1
"1608","TA12",6188,10747,18,1
"1609","TA14",3182,5830,10,1
"1610","TA18",10706,12847,23,1
"1611","TA19",12309,14795,30,3
"1612","TA2",31807,16556,32,2
"1613","TA20",21578,21435,29,3
"1614","TA21",21214,22137,32,2
"1615","TA22",2633,3981,12,1
"1616","TA24",18616,19811,24,2
"1617","TA3",15278,8856,17,2
"1618","TA4",19758,22935,42,3
"1619","TA5",12305,9098,14,2
"1620","TA6",52695,63938,103,6
"1621","TA7",15887,10183,14,1
"1622","TA8",16773,15943,15,1
"1623","TA9",13524,15425,28,2
"1624","TD15",16669,16180,35,2
"1625","TF1",42708,14894,12,1
"1626","TF10",20754,29602,36,2
"1627","TF11",12608,11742,11,1
"1628","TF12",5760,4652,5,1
"1629","TF13",3827,8297,15,1
"1630","TF2",40757,30387,43,2
"1631","TF3",26939,80490,64,3
"1632","TF4",23012,10123,12,1
"1633","TF5",5078,13621,23,1
"1634","TF7",19067,13407,21,2
"1635","TF8",3012,5092,7,1
"1636","TF9",26972,25806,36,3
"1637","TN1",11720,22370,32,2
"1638","TN11",14831,20079,32,2
"1639","TN12",31362,31292,53,4
"1640","TN13",25568,36627,55,4
"1641","TN14",16639,11350,17,1
"1642","TN15",25728,15033,16,1
"1643","TN16",19684,21688,39,3
"1644","TN17",14304,13512,24,4
"1645","TN18",6649,9716,11,1
"1646","TN19",5207,4193,16,1
"1647","TN2",29750,26599,43,3
"1648","TN20",3760,3547,14,1
"1649","TN21",16969,12481,30,1
"1650","TN22",27566,31594,45,3
"1651","TN23",45021,11967,16,1
"1652","TN24",34682,75950,85,4
"1653","TN25",19285,14346,29,2
"1654","TN26",12395,11877,17,2
"1655","TN27",14297,19591,36,2
"1656","TN28",8855,12340,12,2
"1657","TN29",13220,5234,10,1
"1658","TN3",11614,8105,20,2
"1659","TN30",9937,14962,24,1
"1660","TN31",14042,17821,21,3
"1661","TN32",5218,5998,9,1
"1662","TN33",12663,14606,20,2
"1663","TN34",30460,55659,40,5
"1664","TN35",17667,11927,20,1
"1665","TN37",20698,18044,16,1
"1666","TN38",28954,15086,22,3
"1667","TN39",26517,48844,62,3
"1668","TN4",31280,34787,54,3
"1669","TN5",8740,8895,17,1
"1670","TN6",25598,27690,51,3
"1671","TN8",14173,12962,25,1
"1672","TN9",19260,35298,51,2
"1673","TQ1",33160,37934,67,3
"1674","TQ10",4058,5822,9,1
"1675","TQ11",4235,4885,12,1
"1676","TQ12",58504,56619,100,6
"1677","TQ13",24396,27936,57,4
"1678","TQ14",19591,22685,39,2
"1679","TQ2",36523,27549,40,2
"1680","TQ3",32632,31213,48,2
"1681","TQ4",20827,38039,52,2
"1682","TQ5",19128,14041,18,1
"1683","TQ6",7837,7987,15,1
"1684","TQ7",17064,14035,29,2
"1685","TQ8",1732,4964,9,1
"1686","TQ9",19785,19392,25,2
"1687","TR1",23406,37105,66,3
"1688","TR10",12626,20635,26,1
"1689","TR11",31698,27547,48,3
"1690","TR12",9400,11175,22,2
"1691","TR13",20685,20179,52,2
"1692","TR14",27820,16262,35,2
"1693","TR15",22025,47864,69,2
"1694","TR16",16405,5694,12,1
"1695","TR17",1633,7153,16,1
"1696","TR18",19522,35276,61,4
"1697","TR2",10506,13049,27,2
"1698","TR21",1592,2369,25,1
"1699","TR26",11001,12042,25,1
"1700","TR27",16257,11925,17,1
"1701","TR3",13000,6049,14,1
"1702","TR4",13009,6305,9,1
"1703","TR5",4261,8543,16,1
"1704","TR6",4035,7855,18,1
"1705","TR7",22163,32074,57,2
"1706","TR9",8646,17127,31,1
"1707","TS1",16694,66921,99,8
"1708","TS10",37888,37913,47,5
"1709","TS11",11134,7168,12,1
"1710","TS12",22690,26720,24,3
"1711","TS13",9957,9297,16,2
"1712","TS14",18648,19341,29,2
"1713","TS15",14130,15743,19,1
"1714","TS16",10802,11024,14,1
"1715","TS17",46714,47434,61,3
"1716","TS18",27524,73024,100,8
"1717","TS20",20519,17397,25,1
"1718","TS21",13213,20815,34,2
"1719","TS23",28426,34381,44,6
"1720","TS24",22143,56486,76,6
"1721","TS25",38233,29123,40,3
"1722","TS26",25627,11589,20,2
"1723","TS27",11825,9980,16,1
"1724","TS28",5378,21359,29,2
"1725","TS3",29745,27243,54,5
"1726","TS4",19156,8109,23,2
"1727","TS5",41322,46599,69,5
"1728","TS6",30343,40410,57,4
"1729","TS8",22441,17061,32,2
"1730","TS9",12771,14768,20,2
"1731","TW1",27656,61451,88,6
"1732","TW10",20179,6657,23,1
"1733","TW11",24417,17486,27,2
"1734","TW12",24040,26183,47,3
"1735","TW13",39916,42073,24,7
"1736","TW14",31787,32771,26,6
"1737","TW15",29530,34646,60,4
"1738","TW16",22399,19210,18,1
"1739","TW17",14548,16734,20,2
"1740","TW18",26697,29340,27,3
"1741","TW19",18828,14522,16,1
"1742","TW2",31666,26658,36,5
"1743","TW20",27424,27260,40,2
"1744","TW3",47894,104477,75,11
"1745","TW4",32239,9467,3,1
"1746","TW5",33426,31939,24,5
"1747","TW7",42027,27155,43,3
"1748","TW8",24892,20675,26,3
"1749","TW9",22987,36742,54,4
"1750","UB1",43924,93746,57,15
"1751","UB10",39184,24142,32,4
"1752","UB2",38025,38870,34,6
"1753","UB3",56889,71331,68,9
"1754","UB4",42608,32209,33,5
"1755","UB5",50298,67836,71,11
"1756","UB6",54019,50979,58,8
"1757","UB7",36952,39231,31,4
"1758","UB8",38798,50670,43,6
"1759","UB9",15734,19708,24,2
"1760","W10",35161,51864,59,11
"1761","W11",29188,51021,48,7
"1762","W12",49505,72046,73,11
"1763","W13",33145,46819,65,7
"1764","W14",35417,33509,59,3
"1765","W1D",933,8794,15,2
"1766","W1F",1704,331,5,1
"1767","W1G",2238,9460,12,1
"1768","W1H",5933,7512,9,1
"1769","W1K",2110,3376,3,1
"1770","W1T",3292,7631,17,1
"1771","W2",44650,77567,99,9
"1772","W3",58961,61851,69,10
"1773","W4",45823,65259,81,12
"1774","W5",51938,54944,74,8
"1775","W6",36342,54559,88,5
"1776","W7",30969,36854,29,6
"1777","W8",17926,28892,56,3
"1778","W9",36488,33162,41,6
"1779","WA1",23334,44432,62,7
"1780","WA10",40272,58118,72,11
"1781","WA11",39986,30009,37,5
"1782","WA12",25537,29651,33,4
"1783","WA13",13251,19755,20,2
"1784","WA14",30963,44341,66,5
"1785","WA15",43533,36690,59,7
"1786","WA16",24387,23008,28,1
"1787","WA2",41009,42393,52,6
"1788","WA3",49134,47821,69,8
"1789","WA4",49397,40909,47,4
"1790","WA5",62678,51844,83,5
"1791","WA6",19523,27300,32,2
"1792","WA7",63180,67049,98,6
"1793","WA8",64055,68114,68,8
"1794","WA9",52743,53217,76,8
"1795","WC1B",1289,5262,8,1
"1796","WC1E",1721,29299,24,2
"1797","WC1N",5844,25434,64,3
"1798","WC1X",7255,17920,38,2
"1799","WC2A",300,13964,19,1
"1800","WC2B",1505,21173,14,1
"1801","WC2H",2377,4710,10,1
"1802","WD17",19882,17079,26,2
"1803","WD18",28248,50347,58,2
"1804","WD19",29504,14718,19,3
"1805","WD23",28279,66514,111,3
"1806","WD25",30806,22494,22,2
"1807","WD3",43006,43594,63,5
"1808","WD4",11679,18296,26,2
"1809","WD5",11694,16545,16,2
"1810","WD6",41873,51348,69,4
"1811","WD7",12788,19464,22,1
"1812","WF1",39981,75189,96,6
"1813","WF10",51742,40964,61,5
"1814","WF11",17666,12119,14,1
"1815","WF12",36018,23118,22,5
"1816","WF13",29441,43031,52,6
"1817","WF14",20239,17566,13,1
"1818","WF15",17685,3746,12,1
"1819","WF16",12851,23259,28,3
"1820","WF17",44492,60252,68,8
"1821","WF2",54494,38672,54,4
"1822","WF3",34085,34609,45,3
"1823","WF4",44564,31008,45,3
"1824","WF5",21895,21418,25,1
"1825","WF6",22419,26903,56,5
"1826","WF7",22659,24397,47,3
"1827","WF8",36084,35010,54,3
"1828","WF9",41469,53152,63,4
"1829","WN1",20041,24356,33,4
"1830","WN2",53812,44655,58,6
"1831","WN3",30820,31540,53,8
"1832","WN4",27852,30701,41,5
"1833","WN5",44740,37130,49,5
"1834","WN6",41812,47632,62,4
"1835","WN7",50423,57805,74,10
"1836","WN8",47399,63496,57,7
"1837","WR1",10401,41229,49,4
"1838","WR10",19798,22108,42,2
"1839","WR11",48017,43118,61,4
"1840","WR12",6155,7961,13,1
"1841","WR13",8854,6721,11,2
"1842","WR14",34971,39361,54,4
"1843","WR15",7335,9403,12,1
"1844","WR2",32192,32379,49,2
"1845","WR3",21758,11326,19,1
"1846","WR4",26506,11803,17,1
"1847","WR5",35070,29818,37,2
"1848","WR6",13106,12196,22,2
"1849","WR7",5737,5538,14,1
"1850","WR8",8344,11710,13,1
"1851","WR9",34418,38284,70,4
"1852","WS1",28438,54761,84,11
"1853","WS10",51111,56965,56,12
"1854","WS11",44381,49562,62,9
"1855","WS12",36737,24851,27,4
"1856","WS13",29131,43568,61,2
"1857","WS15",38685,37093,46,5
"1858","WS2",42175,51745,66,7
"1859","WS3",53257,51873,67,11
"1860","WS4",17871,15153,19,1
"1861","WS6",17450,25626,22,4
"1862","WS7",30204,34711,43,3
"1863","WS8",16452,10573,23,3
"1864","WS9",26473,36245,43,5
"1865","WV1",16454,29371,29,4
"1866","WV10",62831,61105,96,12
"1867","WV11",35670,32878,48,5
"1868","WV12",25589,13798,20,2
"1869","WV13",22329,28317,34,4
"1870","WV14",51619,30652,41,5
"1871","WV15",8584,2355,4,1
"1872","WV16",18142,23282,33,3
"1873","WV2",19222,48792,36,2
"1874","WV3",30487,35633,51,5
"1875","WV4",34836,15119,38,2
"1876","WV5",15388,18268,27,3
"1877","WV6",45352,65732,54,7
"1878","WV7",7669,8159,16,1
"1879","WV8",16091,14903,21,2
"1880","YO1",6027,24544,28,1
"1881","YO10",32478,22228,19,1
"1882","YO11",23897,40250,60,3
"1883","YO12",39890,29263,47,3
"1884","YO13",10553,9082,17,1
"1885","YO14",11472,12986,22,2
"1886","YO15",13281,14602,26,2
"1887","YO16",25464,26975,29,4
"1888","YO17",23525,26475,41,2
"1889","YO18",11364,10773,19,1
"1890","YO19",13180,6209,10,1
"1891","YO21",13764,18767,45,3
"1892","YO22",8659,5214,16,1
"1893","YO23",19932,7505,13,1
"1894","YO24",29750,119141,169,4
"1895","YO25",34105,26090,38,2
"1896","YO26",31592,6733,14,1
"1897","YO32",28569,52560,89,2
"1898","YO41",12022,7243,16,1
"1899","YO42",16271,17979,26,1
"1900","YO43",13263,9334,22,1
"1901","YO51",6475,11163,23,1
"1902","YO60",4578,1474,6,1
"1903","YO61",14626,14340,28,3
"1904","YO62",12068,13484,30,3
"1905","YO7",21311,19557,37,3
"1906","YO8",48303,45297,59,3
